Symbol,Date,Initial Balance,End Balance,StartTime,EndTime,Full Date Time,Profit/Loss,DiffTime,Type,BollingerLower,StartPrice,BollingerUpper,EndPrice,
TSLA,20231026,100000.0,99976.72,1218,1221,'202310261218,-23.279999999998836,3,SELL,206.24,206.01,207.29,206.25,
TSLA,20231026,99976.72,99958.29,1225,1227,'202310261225,-18.430000000007567,2,SELL,205.71,206.07,206.6,206.26,
TSLA,20231026,99958.29,100026.45,1231,1243,'202310261231,68.16000000000349,12,SELL,205.8,206.7,206.62,205.99,
TSLA,20231026,100026.45,99991.53,1247,1254,'202310261247,-34.919999999998254,7,SELL,205.17,205.33,206.06,205.69,
TSLA,20231026,99991.53,99923.63,1258,1301,'202310261258,-67.89999999999418,3,SELL,205.13,205.5,205.66,206.2,
TSLA,20231026,99923.63,99904.23,1325,1326,'202310261325,-19.40000000000873,1,SELL,205.56,205.75,206.95,205.95,
TSLA,20231026,99904.23,99849.91,1330,1333,'202310261330,-54.31999999999243,3,SELL,205.58,205.54,206.09,206.1,
TSLA,20231026,99849.91,99844.21,1503,1505,'202310261503,-5.69999999999709,2,BUY,208.58,209.17,209.51,209.11,
TSLA,20231026,99844.21,99807.16,1509,1510,'202310261509,-37.05000000000291,1,BUY,208.94,209.03,209.45,208.64,
TSLA,20231026,99807.16,99756.72,1546,1550,'202310261546,-50.44000000000233,4,SELL,205.6,205.59,206.76,206.11,
TSLA,20231026,99756.72,99716.95,1554,1555,'202310261554,-39.770000000004075,1,SELL,205.39,205.61,206.12,206.02,
TSLA,20231027,99716.95,99758.31,0933,0938,'202310270933,41.36000000000058,5,BUY,204.13,210.67,211.75,211.11,
TSLA,20231027,99758.31,99781.11,0942,0949,'202310270942,22.80000000000291,7,BUY,209.45,209.27,211.72,209.51,
TSLA,20231027,99781.11,99726.96,0953,0954,'202310270953,-54.14999999999418,1,BUY,209.61,209.78,211.27,209.21,
TSLA,20231027,99726.96,99681.36,0958,0959,'202310270958,-45.60000000000582,1,BUY,209.06,209.41,210.43,208.93,
TSLA,20231027,99681.36,99651.91,1015,1016,'202310271015,-29.44999999999709,1,BUY,208.76,210.13,210.84,209.82,
TSLA,20231027,99651.91,99630.06,1125,1129,'202310271125,-21.85000000000582,4,BUY,209.59,210.31,210.34,210.08,
TSLA,20231027,99630.06,99616.76,1133,1134,'202310271133,-13.30000000000291,1,BUY,209.38,209.26,210.54,209.12,
TSLA,20231027,99616.76,99595.86,1202,1204,'202310271202,-20.89999999999418,2,BUY,209.95,210.5,210.75,210.28,
TSLA,20231027,99595.86,99579.71,1208,1213,'202310271208,-16.14999999999418,5,BUY,210.08,210.15,210.73,209.98,
TSLA,20231027,99579.71,99543.23,1433,1435,'202310271433,-36.48000000001048,2,SELL,205.72,206.74,206.58,207.12,
TSLA,20231027,99543.23,99529.79,1458,1459,'202310271458,-13.440000000002328,1,SELL,206.28,206.37,207.18,206.51,
TSLA,20231027,99529.79,99504.83,1503,1505,'202310271503,-24.95999999999185,2,SELL,206.26,206.65,206.79,206.91,
TSLA,20231027,99504.83,99468.35,1509,1516,'202310271509,-36.479999999995925,7,SELL,206.45,206.99,207.12,207.37,
TSLA,20231030,99468.35,99434.15,0933,0936,'202310300933,-34.20000000001164,3,BUY,206.29,209.28,209.1,208.92,
TSLA,20231030,99434.15,99380.0,0940,0943,'202310300940,-54.14999999999418,3,BUY,208.37,209.96,210.46,209.39,
TSLA,20231030,99380.0,99312.55,0947,0950,'202310300947,-67.44999999999709,3,BUY,209.0,208.77,210.29,208.06,
TSLA,20231030,99312.55,99240.77,1004,1006,'202310301004,-71.77999999999884,2,SELL,205.41,205.58,207.78,206.32,
TSLA,20231030,99240.77,99280.54,1010,1012,'202310301010,39.76999999998952,2,SELL,205.57,205.55,206.36,205.14,
TSLA,20231030,99280.54,99357.17,1016,1024,'202310301016,76.63000000000466,8,SELL,204.26,204.57,206.24,203.78,
TSLA,20231030,99357.17,99620.79,1028,1045,'202310301028,263.61999999999534,17,SELL,202.22,202.05,204.03,199.36,
TSLA,20231030,99620.79,99572.28,1049,1051,'202310301049,-48.50999999999476,2,SELL,198.66,200.22,200.82,200.71,
TSLA,20231030,99572.28,99518.82,1101,1110,'202310301101,-53.45999999999185,9,SELL,199.23,200.17,201.52,200.71,
TSLA,20231030,99518.82,99542.82,1114,1120,'202310301114,24.0,6,SELL,199.58,199.74,200.37,199.5,
TSLA,20231030,99542.82,99531.71,1124,1126,'202310301124,-11.110000000000582,2,SELL,197.47,197.7,199.78,197.81,
TSLA,20231030,99531.71,99502.71,1130,1135,'202310301130,-29.0,5,SELL,197.15,198.42,198.76,198.71,
TSLA,20231030,99502.71,99429.99,1139,1141,'202310301139,-72.72000000000116,2,SELL,197.31,196.89,198.92,197.61,
TSLA,20231030,99429.99,99412.82,1145,1146,'202310301145,-17.169999999998254,1,SELL,196.92,197.73,198.47,197.9,
TSLA,20231030,99412.82,99370.82,1150,1151,'202310301150,-42.0,1,SELL,197.43,198.14,198.12,198.56,
TSLA,20231030,99370.82,99381.82,1219,1226,'202310301219,11.0,7,SELL,198.53,198.45,200.01,198.34,
TSLA,20231030,99381.82,99584.82,1230,1250,'202310301230,203.0,20,SELL,197.84,198.45,198.41,196.42,
TSLA,20231030,99584.82,99607.26,1254,1257,'202310301254,22.439999999987776,3,SELL,195.72,195.56,196.54,195.34,
TSLA,20231030,99607.26,99564.42,1301,1305,'202310301301,-42.83999999999651,4,SELL,195.01,196.02,196.42,196.44,
TSLA,20231030,99564.42,99520.56,1309,1321,'202310301309,-43.86000000000058,12,SELL,195.77,195.92,196.31,196.35,
TSLA,20231030,99520.56,99497.33,1325,1326,'202310301325,-23.229999999995925,1,SELL,195.44,196.15,196.43,196.38,
TSLA,20231030,99497.33,99489.25,1427,1438,'202310301427,-8.080000000001746,11,SELL,196.14,196.28,196.83,196.36,
TSLA,20231030,99489.25,99469.05,1442,1443,'202310301442,-20.19999999999709,1,SELL,195.85,196.57,196.58,196.77,
TSLA,20231030,99469.05,99420.57,1458,1501,'202310301458,-48.479999999995925,3,SELL,196.15,196.38,197.14,196.86,
TSLA,20231030,99420.57,99394.31,1505,1506,'202310301505,-26.260000000009313,1,SELL,196.18,196.95,197.02,197.21,
TSLA,20231031,99394.31,99336.17,0938,0939,'202310310938,-58.13999999999942,1,SELL,194.58,194.84,197.75,195.41,
TSLA,20231031,99336.17,99230.12,0943,0945,'202310310943,-106.05000000000291,2,SELL,194.51,197.18,197.14,198.23,
TSLA,20231031,99230.12,99218.12,1019,1026,'202310311019,-12.0,7,BUY,199.5,199.76,200.57,199.64,
TSLA,20231031,99218.12,99180.12,1030,1031,'202310311030,-38.0,1,BUY,199.16,199.35,200.48,198.97,
TSLA,20231031,99180.12,99142.12,1055,1056,'202310311055,-38.0,1,BUY,197.84,199.27,199.39,198.89,
TSLA,20231031,99142.12,99123.12,1100,1111,'202310311100,-19.0,11,BUY,198.31,198.66,199.5,198.47,
TSLA,20231031,99123.12,99052.12,1115,1116,'202310311115,-71.0,1,BUY,198.35,198.5,199.21,197.79,
TSLA,20231031,99052.12,99044.12,1203,1208,'202310311203,-8.0,5,BUY,197.46,198.2,198.4,198.12,
TSLA,20231031,99044.12,99013.12,1212,1213,'202310311212,-31.0,1,BUY,198.17,198.49,198.53,198.18,
TSLA,20231031,99013.12,99057.12,1238,1302,'202310311238,44.0,24,BUY,197.46,198.35,198.17,198.79,
TSLA,20231031,99057.12,99009.12,1306,1312,'202310311306,-48.0,6,BUY,198.63,199.04,199.34,198.56,
TSLA,20231031,99009.12,99003.12,1316,1318,'202310311316,-6.0,2,BUY,198.76,199.0,199.21,198.94,
TSLA,20231031,99003.12,99261.12,1322,1410,'202310311322,258.0,48,BUY,198.91,199.2,199.14,201.78,
TSLA,20231031,99261.12,99251.22,1414,1423,'202310311414,-9.89999999999418,9,BUY,201.71,201.77,202.37,201.67,
TSLA,20231031,99251.22,99220.53,1504,1505,'202310311504,-30.69000000000233,1,BUY,201.51,202.02,202.11,201.71,
TSLA,20231031,99220.53,99224.49,1509,1520,'202310311509,3.960000000006403,11,BUY,201.53,201.9,202.13,201.94,
TSLA,20231101,99224.49,99358.14,1046,1057,'202311011046,133.64999999999418,11,SELL,199.15,200.03,200.03,198.68,
TSLA,20231101,99358.14,99324.14,1101,1102,'202311011101,-34.0,1,SELL,198.19,199.13,199.07,199.47,
TSLA,20231101,99324.14,99298.14,1113,1116,'202311011113,-26.0,3,SELL,198.4,198.48,199.81,198.74,
TSLA,20231101,99298.14,99233.14,1120,1124,'202311011120,-65.0,4,SELL,198.33,198.24,198.89,198.89,
TSLA,20231101,99233.14,99196.14,1128,1130,'202311011128,-37.0,2,SELL,198.2,198.79,198.95,199.16,
TSLA,20231101,99196.14,99161.49,1207,1209,'202311011207,-34.64999999999418,2,SELL,199.86,200.11,200.79,200.46,
TSLA,20231101,99161.49,99156.54,1338,1339,'202311011338,-4.9500000000116415,1,SELL,200.06,200.69,201.05,200.74,
TSLA,20231101,99156.54,99127.83,1403,1404,'202311011403,-28.70999999999185,1,BUY,201.19,201.89,202.19,201.6,
TSLA,20231101,99127.83,99118.03,1432,1438,'202311011432,-9.80000000000291,6,BUY,200.66,202.13,202.01,202.03,
TSLA,20231101,99118.03,99182.71,1457,1505,'202311011457,64.68000000000757,8,BUY,201.07,203.24,202.96,203.9,
TSLA,20231101,99182.71,99130.33,1509,1514,'202311011509,-52.38000000000466,5,BUY,203.7,204.15,204.57,203.61,
TSLA,20231101,99130.33,99146.99,1518,1527,'202311011518,16.660000000003492,9,BUY,203.33,203.62,204.66,203.79,
TSLA,20231101,99146.99,99258.54,1531,1557,'202311011531,111.54999999998836,26,BUY,203.83,204.4,204.47,205.55,
TSLA,20231102,99258.54,99186.16,0933,0934,'202311020933,-72.3799999999901,1,BUY,203.4,212.53,213.09,211.76,
TSLA,20231102,99186.16,99220.57,0938,0942,'202311020938,34.41000000000349,4,BUY,208.64,214.33,215.33,214.7,
TSLA,20231102,99220.57,99190.21,0946,0947,'202311020946,-30.360000000000582,1,BUY,214.01,215.08,215.78,214.75,
TSLA,20231102,99190.21,99154.33,0951,0952,'202311020951,-35.88000000000466,1,BUY,214.35,215.41,215.77,215.02,
TSLA,20231102,99154.33,99101.89,0956,0958,'202311020956,-52.44000000000233,2,BUY,214.25,216.86,216.56,216.29,
TSLA,20231102,99101.89,99067.85,1002,1003,'202311021002,-34.0399999999936,1,BUY,215.1,215.18,216.68,214.81,
TSLA,20231102,99067.85,99020.01,1019,1026,'202311021019,-47.84000000001106,7,BUY,213.71,216.17,215.86,215.65,
TSLA,20231102,99020.01,98935.37,1030,1032,'202311021030,-84.63999999999942,2,BUY,215.62,216.66,216.67,215.74,
TSLA,20231102,98935.37,98968.49,1036,1045,'202311021036,33.120000000009895,9,BUY,215.42,215.49,216.69,215.85,
TSLA,20231102,98968.49,99014.49,1049,1100,'202311021049,46.0,11,BUY,215.83,215.95,216.45,216.45,
TSLA,20231102,99014.49,98987.19,1104,1112,'202311021104,-27.30000000000291,8,BUY,216.37,217.44,217.27,217.14,
TSLA,20231102,98987.19,98943.03,1116,1126,'202311021116,-44.16000000000349,10,BUY,216.91,217.29,217.6,216.81,
TSLA,20231102,98943.03,98905.31,1150,1151,'202311021150,-37.720000000001164,1,BUY,215.88,217.15,217.04,216.74,
TSLA,20231102,98905.31,98985.35,1155,1217,'202311021155,80.04000000000815,22,BUY,216.39,216.55,217.01,217.42,
TSLA,20231102,98985.35,98954.99,1221,1226,'202311021221,-30.360000000000582,5,BUY,217.19,217.07,218.03,216.74,
TSLA,20231102,98954.99,98937.7,1247,1249,'202311021247,-17.29000000000815,2,BUY,217.13,217.65,217.68,217.46,
TSLA,20231102,98937.7,98909.18,1253,1259,'202311021253,-28.520000000004075,6,BUY,217.12,217.15,217.75,216.84,
TSLA,20231102,98909.18,98906.42,1315,1316,'202311021315,-2.7599999999947613,1,BUY,216.96,217.21,217.4,217.18,
TSLA,20231102,98906.42,98878.82,1320,1321,'202311021320,-27.59999999999127,1,BUY,216.89,216.92,217.38,216.62,
TSLA,20231102,98878.82,98853.98,1333,1335,'202311021333,-24.84000000001106,2,BUY,216.44,217.11,217.33,216.84,
TSLA,20231102,98853.98,98876.06,1339,1408,'202311021339,22.080000000001746,29,BUY,216.69,216.92,217.26,217.16,
TSLA,20231102,98876.06,98915.19,1412,1430,'202311021412,39.13000000000466,18,BUY,217.07,217.58,217.56,218.01,
TSLA,20231102,98915.19,98951.59,1434,1510,'202311021434,36.39999999999418,36,BUY,217.91,218.15,218.48,218.55,
TSLA,20231103,98951.59,98894.89,0933,0934,'202311030933,-56.69999999999709,1,BUY,217.3,221.42,222.11,220.79,
TSLA,20231103,98894.89,99280.09,0938,0953,'202311030938,385.1999999999971,15,BUY,219.57,221.36,222.57,225.64,
TSLA,20231103,99280.09,99215.85,0957,0959,'202311030957,-64.23999999999069,2,BUY,224.72,225.76,226.08,225.03,
TSLA,20231103,99215.85,99144.65,1003,1006,'202311031003,-71.20000000001164,3,BUY,224.42,224.62,225.61,223.82,
TSLA,20231103,99144.65,99113.15,1116,1120,'202311031116,-31.5,4,SELL,220.04,220.14,220.53,220.49,
TSLA,20231103,99113.15,99096.05,1124,1131,'202311031124,-17.09999999999127,7,SELL,220.06,220.58,220.7,220.77,
TSLA,20231103,99096.05,99188.75,1150,1206,'202311031150,92.69999999999709,16,SELL,220.16,220.43,220.65,219.4,
TSLA,20231103,99188.75,99180.56,1336,1337,'202311031336,-8.190000000002328,1,SELL,219.05,219.17,219.56,219.26,
TSLA,20231103,99180.56,99165.09,1341,1356,'202311031341,-15.470000000001164,15,SELL,219.02,219.13,219.55,219.3,
TSLA,20231103,99165.09,99151.44,1513,1514,'202311031513,-13.64999999999418,1,SELL,219.01,219.25,220.01,219.4,
TSLA,20231103,99151.44,99164.18,1518,1545,'202311031518,12.739999999990687,27,SELL,219.11,219.43,219.42,219.29,
TSLA,20231103,99164.18,99143.25,1549,1550,'202311031549,-20.929999999993015,1,SELL,218.76,219.27,219.25,219.5,
TSLA,20231106,99143.25,99310.57,0933,0941,'202311060933,167.32000000000698,8,BUY,218.51,223.12,224.59,225.0,
TSLA,20231106,99310.57,99271.87,1017,1022,'202311061017,-38.70000000001164,5,SELL,219.23,220.38,220.37,220.81,
TSLA,20231106,99271.87,99234.07,1026,1028,'202311061026,-37.79999999998836,2,SELL,220.04,220.54,220.66,220.96,
TSLA,20231106,99234.07,99200.77,1049,1050,'202311061049,-33.30000000000291,1,SELL,220.12,220.17,222.01,220.54,
TSLA,20231106,99200.77,99220.57,1054,1103,'202311061054,19.80000000000291,9,SELL,220.16,220.56,220.88,220.34,
TSLA,20231106,99220.57,99276.37,1137,1153,'202311061137,55.79999999998836,16,SELL,220.02,220.01,220.77,219.39,
TSLA,20231106,99276.37,99460.19,1157,1242,'202311061157,183.82000000000698,45,SELL,218.82,219.61,219.69,217.59,
TSLA,20231106,99460.19,99450.07,1246,1256,'202311061246,-10.119999999995343,10,SELL,217.04,217.05,217.54,217.16,
TSLA,20231106,99450.07,99603.86,1300,1329,'202311061300,153.7899999999936,29,SELL,216.57,217.5,217.52,215.81,
TSLA,20231106,99603.86,99578.1,1333,1336,'202311061333,-25.75999999999476,3,SELL,215.41,215.88,215.85,216.16,
TSLA,20231106,99578.1,99545.9,1355,1357,'202311061355,-32.20000000001164,2,SELL,215.15,215.3,216.2,215.65,
TSLA,20231106,99545.9,99532.1,1401,1404,'202311061401,-13.799999999988358,3,SELL,215.23,215.61,215.75,215.76,
TSLA,20231106,99532.1,99510.02,1408,1411,'202311061408,-22.080000000001746,3,SELL,215.29,215.4,215.76,215.64,
TSLA,20231106,99510.02,99498.98,1415,1416,'202311061415,-11.040000000008149,1,SELL,215.07,215.93,215.87,216.05,
TSLA,20231106,99498.98,99487.15,1519,1520,'202311061519,-11.830000000001746,1,BUY,218.04,218.91,219.07,218.78,
TSLA,20231106,99487.15,99484.42,1524,1544,'202311061524,-2.7299999999959255,20,BUY,218.64,218.89,219.05,218.86,
TSLA,20231107,99484.42,99479.82,0946,0950,'202311070946,-4.599999999991269,4,SELL,216.78,216.82,218.39,216.87,
TSLA,20231107,99479.82,99443.94,0954,0955,'202311070954,-35.88000000000466,1,SELL,216.19,217.22,217.34,217.61,
TSLA,20231107,99443.94,99466.94,0959,1002,'202311070959,23.0,3,SELL,216.81,217.35,217.86,217.1,
TSLA,20231107,99466.94,99475.22,1006,1012,'202311071006,8.279999999998836,6,SELL,216.59,216.61,217.76,216.52,
TSLA,20231107,99475.22,99458.66,1016,1019,'202311071016,-16.55999999999767,3,SELL,216.07,216.53,216.69,216.71,
TSLA,20231107,99458.66,99421.86,1023,1025,'202311071023,-36.80000000000291,2,SELL,216.11,216.84,216.92,217.24,
TSLA,20231107,99421.86,99396.1,1029,1032,'202311071029,-25.75999999999476,3,SELL,216.5,217.16,217.51,217.44,
TSLA,20231107,99396.1,99353.78,1036,1049,'202311071036,-42.320000000006985,13,SELL,216.89,216.91,217.47,217.37,
TSLA,20231107,99353.78,99376.53,1053,1105,'202311071053,22.75,12,SELL,216.68,217.66,217.69,217.41,
TSLA,20231107,99376.53,99350.14,1208,1215,'202311071208,-26.389999999999418,7,SELL,217.33,217.41,218.1,217.7,
TSLA,20231107,99350.14,99334.67,1219,1220,'202311071219,-15.470000000001164,1,SELL,217.17,217.87,217.94,218.04,
TSLA,20231107,99334.67,99331.03,1233,1236,'202311071233,-3.639999999999418,3,SELL,217.47,217.88,218.26,217.92,
TSLA,20231107,99331.03,99295.54,1240,1243,'202311071240,-35.49000000000524,3,SELL,217.56,217.89,218.17,218.28,
TSLA,20231107,99295.54,99273.7,1258,1259,'202311071258,-21.839999999996508,1,SELL,217.8,218.26,218.24,218.5,
TSLA,20231107,99273.7,99341.2,1349,1443,'202311071349,67.5,54,BUY,219.78,220.44,220.55,221.19,
TSLA,20231107,99341.2,99420.4,1517,1536,'202311071517,79.19999999999709,19,BUY,220.99,221.4,221.58,222.28,
TSLA,20231107,99420.4,99391.92,1540,1554,'202311071540,-28.479999999995925,14,BUY,222.27,222.28,222.92,221.96,
TSLA,20231108,99391.92,99366.72,0946,0951,'202311080946,-25.19999999999709,5,SELL,220.17,220.49,221.36,220.77,
TSLA,20231108,99366.72,99534.12,0955,1006,'202311080955,167.39999999999418,11,SELL,220.26,221.37,221.17,219.51,
TSLA,20231108,99534.12,99509.55,1010,1013,'202311081010,-24.569999999992433,3,SELL,219.01,219.71,219.92,219.98,
TSLA,20231108,99509.55,99576.89,1017,1032,'202311081017,67.33999999999651,15,SELL,219.37,219.4,219.97,218.66,
TSLA,20231108,99576.89,99545.95,1036,1037,'202311081036,-30.94000000000233,1,SELL,218.16,218.94,218.91,219.28,
TSLA,20231108,99545.95,99501.36,1041,1042,'202311081041,-44.58999999999651,1,SELL,218.59,219.15,219.21,219.64,
TSLA,20231108,99501.36,99488.62,1208,1209,'202311081208,-12.740000000005239,1,SELL,218.46,218.48,219.5,218.62,
TSLA,20231108,99488.62,99521.38,1213,1237,'202311081213,32.76000000000931,24,SELL,218.45,218.73,219.07,218.37,
TSLA,20231108,99521.38,99504.28,1505,1510,'202311081505,-17.10000000000582,5,BUY,220.71,221.4,221.39,221.21,
TSLA,20231108,99504.28,99569.08,1514,1557,'202311081514,64.80000000000291,43,BUY,221.16,221.6,221.56,222.32,
TSLA,20231109,99569.08,99731.97,0933,0942,'202311090933,162.88999999999942,9,SELL,218.83,219.34,223.29,217.55,
TSLA,20231109,99731.97,99721.85,0946,0953,'202311090946,-10.119999999995343,7,SELL,216.59,216.71,218.04,216.82,
TSLA,20231109,99721.85,99857.09,0957,1015,'202311090957,135.2399999999907,18,SELL,216.11,216.8,217.06,215.33,
TSLA,20231109,99857.09,99907.31,1019,1028,'202311091019,50.220000000001164,9,SELL,214.41,214.7,215.21,214.16,
TSLA,20231109,99907.31,99884.99,1032,1039,'202311091032,-22.319999999992433,7,SELL,213.65,214.15,214.34,214.39,
TSLA,20231109,99884.99,99841.28,1043,1044,'202311091043,-43.7100000000064,1,SELL,213.72,214.35,214.48,214.82,
TSLA,20231109,99841.28,99822.68,1048,1054,'202311091048,-18.60000000000582,6,SELL,214.11,214.52,214.9,214.72,
TSLA,20231109,99822.68,99772.46,1058,1101,'202311091058,-50.21999999998661,3,SELL,213.87,213.72,214.71,214.26,
TSLA,20231109,99772.46,99888.71,1121,1149,'202311091121,116.25,28,SELL,213.88,213.76,214.91,212.51,
TSLA,20231109,99888.71,99883.07,1158,1159,'202311091158,-5.639999999999418,1,SELL,211.95,212.15,213.16,212.21,
TSLA,20231109,99883.07,100032.53,1203,1231,'202311091203,149.45999999999185,28,SELL,211.57,211.45,212.54,209.86,
TSLA,20231109,100032.53,99992.63,1235,1243,'202311091235,-39.89999999999418,8,SELL,209.08,209.1,210.18,209.52,
TSLA,20231109,99992.63,99926.13,1247,1248,'202311091247,-66.5,1,SELL,209.25,209.35,209.56,210.05,
TSLA,20231109,99926.13,100092.38,1252,1304,'202311091252,166.25,12,SELL,209.32,210.0,210.19,208.25,
TSLA,20231109,100092.38,100064.54,1308,1309,'202311091308,-27.84000000001106,1,SELL,206.8,207.16,209.64,207.45,
TSLA,20231109,100064.54,99998.3,1313,1314,'202311091313,-66.23999999999069,1,SELL,207.11,208.08,208.25,208.77,
TSLA,20231109,99998.3,99981.02,1408,1421,'202311091408,-17.279999999998836,13,SELL,207.43,208.29,208.61,208.47,
TSLA,20231109,99981.02,99969.5,1437,1445,'202311091437,-11.520000000004075,8,SELL,208.18,208.03,209.48,208.15,
TSLA,20231109,99969.5,100063.55,1449,1501,'202311091449,94.05000000000291,12,SELL,207.62,208.55,208.43,207.56,
TSLA,20231109,100063.55,100038.59,1505,1508,'202311091505,-24.960000000006403,3,SELL,207.13,207.84,208.11,208.1,
TSLA,20231110,100038.59,99980.93,0949,0950,'202311100949,-57.66000000000349,1,BUY,211.88,213.43,213.51,212.81,
TSLA,20231110,99980.93,99948.97,0954,0955,'202311100954,-31.95999999999185,1,BUY,212.55,212.6,213.39,212.26,
TSLA,20231110,99948.97,99923.59,0959,1000,'202311100959,-25.380000000004657,1,BUY,212.08,212.27,213.0,212.0,
TSLA,20231110,99923.59,99883.27,1033,1035,'202311101033,-40.31999999999243,2,SELL,206.68,207.01,207.59,207.43,
TSLA,20231110,99883.27,99839.11,1039,1045,'202311101039,-44.16000000000349,6,SELL,206.92,207.27,207.71,207.73,
TSLA,20231110,99839.11,99886.11,1204,1217,'202311101204,47.0,13,BUY,211.64,211.87,212.49,212.37,
TSLA,20231110,99886.11,99915.25,1221,1240,'202311101221,29.139999999999418,19,BUY,212.14,212.36,212.77,212.67,
TSLA,20231110,99915.25,99902.09,1244,1246,'202311101244,-13.160000000003492,2,BUY,212.47,212.39,213.17,212.25,
TSLA,20231110,99902.09,99883.29,1250,1251,'202311101250,-18.80000000000291,1,BUY,212.28,212.38,212.76,212.18,
TSLA,20231110,99883.29,99873.89,1255,1256,'202311101255,-9.39999999999418,1,BUY,212.18,212.55,212.8,212.45,
TSLA,20231110,99873.89,99871.07,1300,1303,'202311101300,-2.819999999992433,3,BUY,212.3,212.61,212.85,212.58,
TSLA,20231110,99871.07,99819.92,1307,1310,'202311101307,-51.15000000000873,3,BUY,212.49,213.12,212.96,212.57,
TSLA,20231110,99819.92,99806.76,1314,1315,'202311101314,-13.160000000003492,1,BUY,212.41,212.5,212.95,212.36,
TSLA,20231110,99806.76,99990.06,1319,1352,'202311101319,183.3000000000029,33,BUY,212.14,212.38,212.64,214.33,
TSLA,20231110,99990.06,99952.86,1356,1402,'202311101356,-37.19999999999709,6,BUY,214.19,214.76,214.99,214.36,
TSLA,20231110,99952.86,99923.42,1421,1424,'202311101421,-29.44000000000233,3,BUY,214.5,215.11,215.05,214.79,
TSLA,20231110,99923.42,99893.66,1428,1430,'202311101428,-29.75999999999476,2,BUY,214.7,214.99,215.12,214.67,
TSLA,20231110,99893.66,99888.08,1443,1453,'202311101443,-5.580000000001746,10,BUY,214.36,214.83,215.08,214.77,
TSLA,20231110,99888.08,99851.81,1457,1504,'202311101457,-36.270000000004075,7,BUY,214.71,214.82,215.17,214.43,
TSLA,20231113,99851.81,99821.73,0946,0947,'202311130946,-30.080000000001746,1,SELL,211.7,212.69,212.94,213.01,
TSLA,20231113,99821.73,99861.77,1017,1024,'202311131017,40.04000000000815,7,BUY,216.22,218.07,218.62,218.51,
TSLA,20231113,99861.77,99835.67,1028,1035,'202311131028,-26.10000000000582,7,BUY,218.34,220.25,219.82,219.96,
TSLA,20231113,99835.67,99994.92,1039,1048,'202311131039,159.25,9,BUY,219.57,219.59,220.37,221.34,
TSLA,20231113,99994.92,99965.22,1052,1054,'202311131052,-29.69999999999709,2,BUY,220.31,221.6,221.95,221.27,
TSLA,20231113,99965.22,100121.82,1058,1124,'202311131058,156.60000000000582,26,BUY,220.73,220.98,221.56,222.72,
TSLA,20231113,100121.82,100201.92,1128,1151,'202311131128,80.09999999999127,23,BUY,222.77,223.6,223.58,224.5,
TSLA,20231113,100201.92,100172.55,1227,1229,'202311131227,-29.369999999995343,2,BUY,223.41,224.43,224.67,224.1,
TSLA,20231113,100172.55,100144.96,1233,1237,'202311131233,-27.589999999996508,4,BUY,223.47,223.49,224.74,223.18,
TSLA,20231113,100144.96,100210.82,1353,1434,'202311131353,65.86000000000058,41,BUY,223.03,223.54,223.85,224.28,
TSLA,20231113,100210.82,100205.48,1438,1439,'202311131438,-5.3400000000110595,1,BUY,224.45,224.67,224.94,224.61,
TSLA,20231113,100205.48,100157.42,1443,1447,'202311131443,-48.05999999999767,4,BUY,224.42,224.6,224.86,224.06,
TSLA,20231113,100157.42,100110.25,1553,1555,'202311131553,-47.169999999998254,2,BUY,223.76,224.22,224.34,223.69,
TSLA,20231114,100110.25,100050.91,0933,0934,'202311140933,-59.33999999999651,1,BUY,220.63,232.41,234.17,231.72,
TSLA,20231114,100050.91,100222.91,0938,0945,'202311140938,172.0,7,BUY,227.55,232.42,236.03,234.42,
TSLA,20231114,100222.91,100265.41,0949,0954,'202311140949,42.5,5,BUY,232.95,232.59,235.15,233.09,
TSLA,20231114,100265.41,100211.86,0958,1001,'202311140958,-53.55000000000291,3,BUY,232.62,234.11,233.99,233.48,
TSLA,20231114,100211.86,100119.21,1005,1006,'202311141005,-92.64999999999418,1,BUY,233.14,234.06,234.13,232.97,
TSLA,20231114,100119.21,100077.93,1010,1017,'202311141010,-41.28000000001339,7,BUY,231.87,232.54,234.17,232.06,
TSLA,20231114,100077.93,100035.43,1035,1036,'202311141035,-42.5,1,BUY,232.47,233.5,233.35,233.0,
TSLA,20231114,100035.43,99989.53,1040,1050,'202311141040,-45.89999999999418,10,BUY,232.58,233.85,233.76,233.31,
TSLA,20231114,99989.53,99955.53,1054,1055,'202311141054,-34.0,1,BUY,232.96,233.13,234.04,232.73,
TSLA,20231114,99955.53,99934.28,1107,1108,'202311141107,-21.25,1,BUY,232.91,234.07,234.19,233.82,
TSLA,20231114,99934.28,99924.08,1112,1122,'202311141112,-10.19999999999709,10,BUY,233.64,234.5,234.47,234.38,
TSLA,20231114,99924.08,99894.33,1126,1130,'202311141126,-29.75,4,BUY,234.04,234.1,235.0,233.75,
TSLA,20231114,99894.33,99891.81,1145,1146,'202311141145,-2.5200000000040745,1,BUY,233.7,235.45,235.54,235.42,
TSLA,20231114,99891.81,99854.41,1150,1151,'202311141150,-37.39999999999418,1,BUY,234.5,234.58,235.65,234.14,
TSLA,20231114,99854.41,99839.29,1303,1309,'202311141303,-15.120000000009895,6,BUY,235.27,235.54,235.65,235.36,
TSLA,20231114,99839.29,99830.89,1313,1315,'202311141313,-8.39999999999418,2,BUY,235.2,235.3,235.6,235.2,
TSLA,20231114,99830.89,99841.81,1319,1342,'202311141319,10.919999999998254,23,BUY,235.16,235.39,235.49,235.52,
TSLA,20231114,99841.81,99821.65,1433,1434,'202311141433,-20.160000000003492,1,BUY,235.32,236.27,236.39,236.03,
TSLA,20231114,99821.65,99909.01,1438,1551,'202311141438,87.36000000000058,73,BUY,235.99,236.08,236.24,237.12,
TSLA,20231115,99909.01,100065.05,0936,0939,'202311150936,156.04000000000815,3,BUY,236.57,238.9,239.74,240.78,
TSLA,20231115,100065.05,100011.75,0943,0945,'202311150943,-53.30000000000291,2,BUY,239.39,241.3,241.62,240.65,
TSLA,20231115,100011.75,99956.14,0949,0951,'202311150949,-55.61000000000058,2,BUY,239.84,240.75,241.49,240.08,
TSLA,20231115,99956.14,100140.4,0955,1010,'202311150955,184.25999999999476,15,BUY,238.56,238.94,240.96,241.16,
TSLA,20231115,100140.4,100208.46,1014,1029,'202311151014,68.06000000001222,15,BUY,240.99,241.33,241.73,242.16,
TSLA,20231115,100208.46,100374.1,1033,1105,'202311151033,165.63999999999942,32,BUY,242.22,242.95,242.92,244.97,
TSLA,20231115,100374.1,100366.0,1109,1112,'202311151109,-8.10000000000582,3,BUY,244.84,244.98,246.56,244.88,
TSLA,20231115,100366.0,100334.41,1132,1133,'202311151132,-31.589999999996508,1,BUY,245.11,244.93,245.99,244.54,
TSLA,20231115,100334.41,100324.57,1204,1206,'202311151204,-9.839999999996508,2,SELL,241.84,242.7,242.82,242.82,
TSLA,20231115,100324.57,100281.11,1210,1214,'202311151210,-43.4600000000064,4,SELL,242.57,242.65,242.93,243.18,
TSLA,20231115,100281.11,100221.25,1308,1311,'202311151308,-59.86000000000058,3,SELL,241.37,241.24,243.88,241.97,
TSLA,20231115,100221.25,100171.45,1315,1317,'202311151315,-49.80000000000291,2,SELL,240.78,240.54,242.15,241.14,
TSLA,20231115,100171.45,100146.03,1321,1323,'202311151321,-25.419999999998254,2,SELL,240.74,241.26,241.52,241.57,
TSLA,20231115,100146.03,100127.99,1327,1329,'202311151327,-18.039999999993597,2,SELL,240.92,242.1,242.11,242.32,
TSLA,20231116,100127.99,100227.59,0933,0939,'202311160933,99.59999999999127,6,SELL,239.07,240.4,243.9,239.2,
TSLA,20231116,100227.59,100129.31,0943,0945,'202311160943,-98.27999999999884,2,SELL,237.62,237.75,239.59,238.92,
TSLA,20231116,100129.31,100060.42,0949,0955,'202311160949,-68.88999999999942,6,SELL,237.51,239.53,239.7,240.36,
TSLA,20231116,100060.42,100130.98,1011,1021,'202311161011,70.55999999999767,10,SELL,237.75,238.08,240.07,237.24,
TSLA,20231116,100130.98,100113.34,1025,1028,'202311161025,-17.639999999999418,3,SELL,236.27,237.43,237.9,237.64,
TSLA,20231116,100113.34,100263.7,1032,1043,'202311161032,150.36000000000058,11,SELL,236.87,237.35,237.64,235.56,
TSLA,20231116,100263.7,100327.54,1047,1057,'202311161047,63.83999999999651,10,SELL,235.11,235.92,236.03,235.16,
TSLA,20231116,100327.54,100298.98,1101,1102,'202311161101,-28.55999999999767,1,SELL,234.5,235.3,235.36,235.64,
TSLA,20231116,100298.98,100251.1,1129,1131,'202311161129,-47.879999999990105,2,SELL,235.58,235.58,237.0,236.15,
TSLA,20231116,100251.1,100289.74,1135,1145,'202311161135,38.63999999999942,10,SELL,235.55,235.66,236.29,235.2,
TSLA,20231116,100289.74,100261.18,1149,1150,'202311161149,-28.560000000012224,1,SELL,234.71,235.67,235.71,236.01,
TSLA,20231116,100261.18,100257.82,1203,1211,'202311161203,-3.35999999998603,8,SELL,235.04,235.41,235.75,235.45,
TSLA,20231116,100257.82,100241.02,1215,1216,'202311161215,-16.80000000000291,1,SELL,234.74,236.05,235.91,236.25,
TSLA,20231116,100241.02,100211.62,1238,1239,'202311161238,-29.40000000000873,1,SELL,235.03,235.48,235.73,235.83,
TSLA,20231116,100211.62,100462.37,1308,1351,'202311161308,250.75,43,SELL,235.23,235.24,236.46,232.29,
TSLA,20231116,100462.37,100495.91,1355,1411,'202311161355,33.54000000000815,16,SELL,231.81,232.07,232.68,231.68,
TSLA,20231116,100495.91,100462.37,1415,1418,'202311161415,-33.54000000000815,3,SELL,230.97,232.05,232.13,232.44,
TSLA,20231117,100462.37,100652.9,0933,0944,'202311170933,190.52999999999884,11,SELL,229.33,229.59,234.65,227.4,
TSLA,20231117,100652.9,100608.02,0948,0950,'202311170948,-44.879999999990105,2,SELL,226.81,227.03,228.24,227.54,
TSLA,20231117,100608.02,100583.66,0954,0955,'202311170954,-24.360000000000582,1,SELL,226.87,229.16,228.95,229.44,
TSLA,20231117,100583.66,100658.46,1049,1104,'202311171049,74.80000000000291,15,BUY,231.17,233.37,233.14,234.25,
TSLA,20231117,100658.46,100639.98,1116,1117,'202311171116,-18.480000000010477,1,BUY,234.0,235.52,235.96,235.3,
TSLA,20231117,100639.98,100629.78,1121,1122,'202311171121,-10.19999999999709,1,BUY,235.15,235.18,235.79,235.06,
TSLA,20231117,100629.78,100590.3,1126,1137,'202311171126,-39.479999999995925,11,BUY,235.0,235.92,235.73,235.45,
TSLA,20231117,100590.3,100559.22,1141,1143,'202311171141,-31.080000000001746,2,BUY,235.43,235.52,235.94,235.15,
TSLA,20231117,100559.22,100515.87,1147,1149,'202311171147,-43.35000000000582,2,BUY,234.91,235.06,235.78,234.55,
TSLA,20231117,100515.87,100501.42,1220,1221,'202311171220,-14.44999999999709,1,BUY,234.78,235.1,235.5,234.93,
TSLA,20231117,100501.42,100498.87,1225,1226,'202311171225,-2.5500000000029104,1,BUY,234.58,234.45,235.53,234.42,
TSLA,20231117,100498.87,100477.87,1245,1246,'202311171245,-21.0,1,BUY,234.6,235.32,235.57,235.07,
TSLA,20231117,100477.87,100513.15,1250,1304,'202311171250,35.279999999998836,14,BUY,235.15,235.5,235.55,235.92,
TSLA,20231117,100513.15,100513.15,1308,1324,'202311171308,0.0,16,BUY,236.01,236.34,236.69,236.34,
TSLA,20231117,100513.15,100528.27,1328,1342,'202311171328,15.120000000009895,14,BUY,236.34,236.55,236.95,236.73,
TSLA,20231120,100528.27,100457.75,0933,0936,'202311200933,-70.52000000000407,3,SELL,231.57,231.7,235.25,232.52,
TSLA,20231120,100457.75,100440.75,1047,1049,'202311201047,-17.0,2,SELL,232.23,232.69,233.38,232.89,
TSLA,20231120,100440.75,100416.95,1053,1055,'202311201053,-23.80000000000291,2,SELL,232.27,233.0,233.15,233.28,
TSLA,20231120,100416.95,100371.05,1059,1103,'202311201059,-45.89999999999418,4,SELL,232.71,233.24,233.38,233.78,
TSLA,20231120,100371.05,100348.95,1203,1206,'202311201203,-22.10000000000582,3,SELL,233.78,233.98,234.75,234.24,
TSLA,20231120,100348.95,100355.75,1225,1249,'202311201225,6.80000000000291,24,SELL,233.91,233.78,234.43,233.7,
TSLA,20231120,100355.75,100353.2,1253,1302,'202311201253,-2.5500000000029104,9,SELL,233.07,233.59,233.75,233.62,
TSLA,20231120,100353.2,100339.6,1322,1323,'202311201322,-13.599999999991269,1,SELL,233.23,233.49,234.17,233.65,
TSLA,20231120,100339.6,100326.85,1327,1339,'202311201327,-12.75,12,SELL,233.26,233.89,233.95,234.04,
TSLA,20231120,100326.85,100339.45,1516,1548,'202311201516,12.599999999991269,32,BUY,235.01,236.1,236.36,236.25,
TSLA,20231121,100339.45,100271.39,0946,0947,'202311210946,-68.05999999999767,1,BUY,238.31,240.54,241.29,239.72,
TSLA,20231121,100271.39,100350.24,0951,0955,'202311210951,78.85000000000582,4,BUY,239.59,239.9,241.02,240.85,
TSLA,20231121,100350.24,100482.26,0959,1008,'202311210959,132.01999999998952,9,BUY,240.05,241.29,241.69,242.9,
TSLA,20231121,100482.26,100442.08,1012,1018,'202311211012,-40.179999999993015,6,BUY,242.08,242.19,243.3,241.7,
TSLA,20231121,100442.08,100371.56,1022,1024,'202311211022,-70.52000000000407,2,BUY,241.37,241.6,242.83,240.74,
TSLA,20231121,100371.56,100331.38,1418,1443,'202311211418,-40.179999999993015,25,BUY,241.28,241.49,242.0,241.0,
TSLA,20231121,100331.38,100324.82,1507,1508,'202311211507,-6.559999999997672,1,BUY,241.41,241.8,241.95,241.72,
TSLA,20231121,100324.82,100313.34,1512,1513,'202311211512,-11.480000000010477,1,BUY,241.65,241.86,241.93,241.72,
TSLA,20231121,100313.34,100304.32,1517,1521,'202311211517,-9.019999999989523,4,BUY,241.62,241.82,241.98,241.71,
TSLA,20231121,100304.32,100255.94,1553,1555,'202311211553,-48.38000000000466,2,BUY,241.14,241.78,241.8,241.19,
TSLA,20231122,100255.94,100213.61,0946,0948,'202311220946,-42.330000000001746,2,SELL,237.77,238.35,240.58,238.86,
TSLA,20231122,100213.61,100378.25,0952,1013,'202311220952,164.63999999999942,21,SELL,237.61,237.24,239.21,235.28,
TSLA,20231122,100378.25,100309.4,1017,1019,'202311221017,-68.85000000000582,2,SELL,233.72,232.96,235.62,233.77,
TSLA,20231122,100309.4,100277.95,1023,1024,'202311221023,-31.44999999999709,1,SELL,233.07,233.88,234.85,234.25,
TSLA,20231122,100277.95,100220.15,1028,1029,'202311221028,-57.80000000000291,1,SELL,233.55,233.69,234.19,234.37,
TSLA,20231122,100220.15,100167.23,1033,1036,'202311221033,-52.919999999998254,3,SELL,233.53,235.38,235.37,236.01,
TSLA,20231122,100167.23,100266.68,1045,1105,'202311221045,99.44999999999709,20,SELL,233.75,234.27,235.56,233.1,
TSLA,20231122,100266.68,100238.63,1109,1110,'202311221109,-28.04999999998836,1,SELL,232.57,233.05,233.17,233.38,
TSLA,20231122,100238.63,100308.33,1114,1136,'202311221114,69.69999999999709,22,SELL,232.78,233.1,233.4,232.28,
TSLA,20231122,100308.33,100298.01,1140,1142,'202311221140,-10.320000000006985,2,SELL,231.84,232.16,232.29,232.28,
TSLA,20231122,100298.01,100262.75,1146,1148,'202311221146,-35.25999999999476,2,SELL,232.08,232.2,232.33,232.61,
TSLA,20231122,100262.75,100236.4,1152,1201,'202311221152,-26.35000000000582,9,SELL,231.99,232.99,232.98,233.3,
TSLA,20231122,100236.4,100206.3,1219,1221,'202311221219,-30.09999999999127,2,SELL,232.33,232.47,233.55,232.82,
TSLA,20231122,100206.3,100234.35,1225,1234,'202311221225,28.05000000000291,9,SELL,232.36,232.58,232.75,232.25,
TSLA,20231122,100234.35,100220.59,1238,1242,'202311221238,-13.760000000009313,4,SELL,231.81,232.38,232.58,232.54,
TSLA,20231122,100220.59,100204.25,1251,1255,'202311221251,-16.339999999996508,4,SELL,231.95,232.1,232.87,232.29,
TSLA,20231122,100204.25,100177.9,1259,1306,'202311221259,-26.35000000000582,7,SELL,231.91,232.57,232.58,232.88,
TSLA,20231122,100177.9,100230.6,1428,1442,'202311221428,52.70000000001164,14,SELL,233.03,232.99,233.63,232.37,
TSLA,20231122,100230.6,100217.7,1446,1450,'202311221446,-12.900000000008731,4,SELL,231.76,232.03,232.38,232.18,
TSLA,20231122,100217.7,100197.92,1454,1455,'202311221454,-19.779999999998836,1,SELL,231.87,232.48,232.51,232.71,
TSLA,20231122,100197.92,100189.42,1516,1517,'202311221516,-8.5,1,SELL,232.46,232.81,233.14,232.91,
TSLA,20231124,100189.42,100265.92,0947,1016,'202311240947,76.5,29,BUY,234.39,234.55,235.95,235.45,
TSLA,20231124,100265.92,100218.04,1020,1022,'202311241020,-47.88000000000466,2,BUY,235.13,235.4,236.43,234.83,
TSLA,20231124,100218.04,100198.49,1026,1027,'202311241026,-19.54999999998836,1,BUY,234.85,235.0,235.48,234.77,
TSLA,20231124,100198.49,100329.53,1038,1119,'202311241038,131.0399999999936,41,BUY,235.46,236.44,236.39,238.0,
TSLA,20231124,100329.53,100303.49,1123,1128,'202311241123,-26.039999999993597,5,BUY,237.98,238.04,238.24,237.73,
TSLA,20231124,100303.49,100301.81,1548,1551,'202311241548,-1.680000000007567,3,BUY,235.51,235.58,235.66,235.56,
TSLA,20231127,100301.81,100227.01,0948,0951,'202311270948,-74.80000000000291,3,SELL,232.55,233.87,233.92,234.75,
TSLA,20231127,100227.01,100216.93,1049,1050,'202311271049,-10.080000000001746,1,BUY,235.72,235.86,236.17,235.74,
TSLA,20231127,100216.93,100161.49,1054,1100,'202311271054,-55.439999999987776,6,BUY,235.47,235.39,236.14,234.73,
TSLA,20231127,100161.49,100374.84,1139,1319,'202311271139,213.34999999999127,100,BUY,234.23,234.91,234.89,237.42,
TSLA,20231128,100374.84,100371.48,0938,0941,'202311280938,-3.360000000000582,3,BUY,236.16,237.87,238.76,237.83,
TSLA,20231128,100371.48,100287.48,0945,0950,'202311280945,-84.0,5,BUY,236.82,236.86,238.7,235.86,
TSLA,20231128,100287.48,100232.04,1004,1005,'202311281004,-55.44000000000233,1,SELL,234.7,235.4,235.74,236.06,
TSLA,20231128,100232.04,100253.04,1009,1015,'202311281009,21.0,6,SELL,235.16,236.15,236.14,235.9,
TSLA,20231128,100253.04,100269.84,1019,1028,'202311281019,16.80000000000291,9,SELL,235.25,236.1,236.31,235.9,
TSLA,20231128,100269.84,100217.99,1032,1039,'202311281032,-51.84999999999127,7,SELL,234.91,234.77,236.01,235.38,
TSLA,20231128,100217.99,100259.81,1134,1149,'202311281134,41.81999999999243,15,BUY,240.79,241.29,241.35,241.8,
TSLA,20231128,100259.81,100244.23,1153,1154,'202311281153,-15.580000000001746,1,BUY,241.73,241.87,242.44,241.68,
TSLA,20231128,100244.23,100223.73,1158,1206,'202311281158,-20.5,8,BUY,241.65,241.84,242.03,241.59,
TSLA,20231128,100223.73,100273.75,1210,1230,'202311281210,50.020000000004075,20,BUY,241.49,241.47,241.75,242.08,
TSLA,20231128,100273.75,100278.67,1234,1247,'202311281234,4.919999999998254,13,BUY,242.06,242.25,242.82,242.31,
TSLA,20231128,100278.67,100242.59,1256,1301,'202311281256,-36.080000000001746,5,BUY,241.67,243.24,243.08,242.8,
TSLA,20231128,100242.59,100368.05,1321,1350,'202311281321,125.4600000000064,29,BUY,241.71,243.09,243.2,244.62,
TSLA,20231128,100368.05,100352.66,1354,1356,'202311281354,-15.389999999999418,2,BUY,244.65,244.88,245.22,244.69,
TSLA,20231128,100352.66,100319.45,1400,1414,'202311281400,-33.2100000000064,14,BUY,244.66,245.34,245.29,244.93,
TSLA,20231128,100319.45,100301.63,1418,1423,'202311281418,-17.819999999992433,5,BUY,244.89,245.07,245.54,244.85,
TSLA,20231128,100301.63,100296.77,1427,1433,'202311281427,-4.860000000000582,6,BUY,244.89,245.19,245.51,245.13,
TSLA,20231128,100296.77,100339.7,1437,1508,'202311281437,42.929999999993015,31,BUY,245.02,245.16,245.5,245.69,
TSLA,20231128,100339.7,100320.26,1512,1513,'202311281512,-19.44000000000233,1,BUY,245.51,245.67,246.32,245.43,
TSLA,20231128,100320.26,100342.13,1542,1557,'202311281542,21.870000000009895,15,BUY,245.72,246.26,246.17,246.53,
TSLA,20231129,100342.13,100290.78,0933,0938,'202311290933,-51.35000000000582,5,BUY,245.09,251.76,251.19,251.11,
TSLA,20231129,100290.78,100147.0,0942,0945,'202311290942,-143.77999999999884,3,BUY,250.71,251.9,251.96,250.08,
TSLA,20231129,100147.0,100162.8,0949,1004,'202311290949,15.80000000000291,15,BUY,250.01,250.94,251.86,251.14,
TSLA,20231129,100162.8,100093.2,1047,1049,'202311291047,-69.60000000000582,2,SELL,247.61,247.56,249.82,248.43,
TSLA,20231129,100093.2,100065.2,1053,1055,'202311291053,-28.0,2,SELL,247.78,248.93,249.12,249.28,
TSLA,20231129,100065.2,100311.6,1059,1135,'202311291059,246.40000000000873,36,SELL,248.77,249.27,249.44,246.19,
TSLA,20231129,100311.6,100293.78,1139,1140,'202311291139,-17.820000000006985,1,SELL,245.76,246.75,246.77,246.97,
TSLA,20231129,100293.78,100280.18,1144,1145,'202311291144,-13.60000000000582,1,SELL,246.35,247.14,247.29,247.31,
TSLA,20231129,100280.18,100255.07,1313,1328,'202311291313,-25.10999999998603,15,SELL,246.69,246.83,248.12,247.14,
TSLA,20231129,100255.07,100245.35,1332,1338,'202311291332,-9.720000000001164,6,SELL,246.51,246.6,247.17,246.72,
TSLA,20231129,100245.35,100236.44,1342,1343,'202311291342,-8.910000000003492,1,SELL,246.0,246.91,247.02,247.02,
TSLA,20231129,100236.44,100204.04,1403,1409,'202311291403,-32.40000000000873,6,SELL,246.33,246.17,247.26,246.57,
TSLA,20231129,100204.04,100185.41,1413,1414,'202311291413,-18.629999999990105,1,SELL,246.06,246.72,246.83,246.95,
TSLA,20231129,100185.41,100279.37,1428,1445,'202311291428,93.95999999999185,17,SELL,246.52,246.41,247.46,245.25,
TSLA,20231129,100279.37,100340.12,1501,1531,'202311291501,60.75,30,SELL,244.53,244.32,245.7,243.57,
TSLA,20231129,100340.12,100322.9,1535,1536,'202311291535,-17.220000000001164,1,SELL,243.04,243.6,243.71,243.81,
TSLA,20231129,100322.9,100292.56,1540,1541,'202311291540,-30.339999999996508,1,SELL,243.28,243.35,243.79,243.72,
TSLA,20231129,100292.56,100244.18,1545,1549,'202311291545,-48.38000000000466,4,SELL,243.3,243.76,243.97,244.35,
TSLA,20231130,100244.18,100372.92,0934,0944,'202311300934,128.74000000000524,10,SELL,241.93,242.54,244.64,240.97,
TSLA,20231130,100372.92,100324.54,0948,0951,'202311300948,-48.38000000000466,3,SELL,239.88,241.29,241.16,241.88,
TSLA,20231130,100324.54,100284.36,0955,0956,'202311300955,-40.179999999993015,1,SELL,240.67,241.76,242.26,242.25,
TSLA,20231130,100284.36,100207.17,1007,1011,'202311301007,-77.19000000000233,4,SELL,240.43,240.96,242.24,241.89,
TSLA,20231130,100207.17,100273.57,1117,1136,'202311301117,66.40000000000873,19,SELL,240.51,240.72,241.67,239.92,
TSLA,20231130,100273.57,100251.99,1140,1141,'202311301140,-21.580000000001746,1,SELL,239.35,240.12,240.04,240.38,
TSLA,20231130,100251.99,100232.07,1159,1203,'202311301159,-19.919999999998254,4,SELL,239.84,239.72,241.22,239.96,
TSLA,20231130,100232.07,100222.94,1207,1214,'202311301207,-9.130000000004657,7,SELL,239.4,240.31,240.42,240.42,
TSLA,20231130,100222.94,100200.53,1218,1230,'202311301218,-22.410000000003492,12,SELL,239.57,240.13,240.54,240.4,
TSLA,20231130,100200.53,100305.94,1306,1355,'202311301306,105.41000000000349,49,SELL,240.64,240.29,241.6,239.02,
TSLA,20231130,100305.94,100287.68,1359,1400,'202311301359,-18.260000000009313,1,SELL,238.33,239.06,239.25,239.28,
TSLA,20231130,100287.68,100284.36,1513,1520,'202311301513,-3.319999999992433,7,SELL,239.58,239.99,240.29,240.03,
TSLA,20231130,100284.36,100280.21,1524,1528,'202311301524,-4.149999999994179,4,SELL,239.54,239.66,240.05,239.71,
TSLA,20231130,100280.21,100267.76,1532,1544,'202311301532,-12.450000000011642,12,SELL,239.19,239.97,240.04,240.12,
TSLA,20231130,100267.76,100272.74,1548,1550,'202311301548,4.980000000010477,2,SELL,239.13,238.88,240.1,238.82,
TSLA,20231201,100272.74,100177.54,0933,0937,'202312010933,-95.20000000001164,4,SELL,233.25,233.25,242.17,234.37,
TSLA,20231201,100177.54,100169.89,0941,0943,'202312010941,-7.649999999994179,2,SELL,232.69,233.75,234.56,233.84,
TSLA,20231201,100169.89,100186.89,0947,0951,'202312010947,17.0,4,SELL,233.31,234.41,234.61,234.21,
TSLA,20231201,100186.89,100157.99,0955,0956,'202312010955,-28.89999999999418,1,SELL,233.61,235.13,235.07,235.47,
TSLA,20231201,100157.99,100084.04,1000,1008,'202312011000,-73.95000000001164,8,SELL,234.15,235.05,235.48,235.92,
TSLA,20231201,100084.04,100163.0,1012,1023,'202312011012,78.9600000000064,11,SELL,235.01,235.54,235.84,234.6,
TSLA,20231201,100163.0,100165.55,1027,1031,'202312011027,2.5500000000029104,4,SELL,233.58,233.39,234.53,233.36,
TSLA,20231201,100165.55,100150.25,1035,1044,'202312011035,-15.30000000000291,9,SELL,232.92,233.8,233.77,233.98,
TSLA,20231201,100150.25,100092.29,1117,1121,'202312011117,-57.9600000000064,4,BUY,236.69,237.4,237.74,236.71,
TSLA,20231201,100092.29,100049.45,1125,1127,'202312011125,-42.83999999999651,2,BUY,236.62,237.25,237.48,236.74,
TSLA,20231201,100049.45,100012.49,1131,1135,'202312011131,-36.95999999999185,4,BUY,236.46,236.8,237.11,236.36,
TSLA,20231201,100012.49,99980.57,1139,1140,'202312011139,-31.919999999998254,1,BUY,236.32,236.41,237.11,236.03,
TSLA,20231201,99980.57,99963.77,1154,1157,'202312011154,-16.80000000000291,3,BUY,236.08,237.58,237.87,237.38,
TSLA,20231201,99963.77,100031.81,1201,1216,'202312011201,68.0399999999936,15,BUY,237.31,237.81,237.87,238.62,
TSLA,20231201,100031.81,100123.11,1220,1249,'202312011220,91.30000000000291,29,BUY,238.24,238.25,239.17,239.35,
TSLA,20231201,100123.11,100097.38,1319,1325,'202312011319,-25.729999999995925,6,BUY,238.89,239.56,239.51,239.25,
TSLA,20231201,100097.38,100081.61,1329,1330,'202312011329,-15.770000000004075,1,BUY,238.86,238.91,239.65,238.72,
TSLA,20231201,100081.61,100046.75,1503,1506,'202312011503,-34.86000000000058,3,BUY,238.36,238.72,238.77,238.3,
TSLA,20231201,100046.75,100023.51,1531,1538,'202312011531,-23.24000000000524,7,BUY,237.94,238.77,238.85,238.49,
TSLA,20231201,100023.51,100001.93,1542,1543,'202312011542,-21.580000000001746,1,BUY,238.41,238.52,238.96,238.26,
TSLA,20231204,100001.93,99914.57,0933,0934,'202312040933,-87.35999999998603,1,SELL,235.07,235.76,239.71,236.8,
TSLA,20231204,99914.57,99929.69,0938,0947,'202312040938,15.119999999995343,9,SELL,234.76,237.21,238.0,237.03,
TSLA,20231204,99929.69,99903.34,1037,1038,'202312041037,-26.35000000000582,1,SELL,234.66,235.08,235.99,235.39,
TSLA,20231204,99903.34,99989.19,1042,1105,'202312041042,85.85000000000582,23,SELL,234.7,235.15,235.59,234.14,
TSLA,20231204,99989.19,99979.11,1303,1317,'202312041303,-10.080000000001746,14,BUY,237.62,237.65,237.91,237.53,
TSLA,20231205,99979.11,99950.55,0938,0939,'202312050938,-28.55999999999767,1,BUY,235.09,237.71,238.29,237.37,
TSLA,20231205,99950.55,99885.81,0943,0945,'202312050943,-64.74000000000524,2,BUY,236.96,238.49,238.33,237.71,
TSLA,20231205,99885.81,99826.17,0949,0951,'202312050949,-59.63999999999942,2,BUY,237.42,238.01,238.37,237.3,
TSLA,20231205,99826.17,100169.73,0955,1025,'202312050955,343.5599999999977,30,BUY,237.34,237.93,238.23,242.02,
TSLA,20231205,100169.73,100479.69,1029,1058,'202312051029,309.9600000000064,29,BUY,241.67,242.1,242.93,245.88,
TSLA,20231205,100479.69,100444.05,1102,1110,'202312051102,-35.63999999999942,8,BUY,245.48,245.96,246.5,245.52,
TSLA,20231205,100444.05,100409.61,1247,1249,'202312051247,-34.44000000000233,2,SELL,240.89,240.98,241.91,241.4,
TSLA,20231205,100409.61,100378.9,1253,1254,'202312051253,-30.710000000006403,1,SELL,240.83,240.86,241.37,241.23,
TSLA,20231205,100378.9,100447.78,1258,1314,'202312051258,68.88000000000466,16,SELL,240.91,241.42,241.46,240.58,
TSLA,20231205,100447.78,100391.34,1318,1320,'202312051318,-56.44000000000233,2,SELL,240.12,240.04,240.59,240.72,
TSLA,20231205,100391.34,100586.5,1324,1414,'202312051324,195.1600000000035,50,SELL,240.07,241.01,241.14,238.63,
TSLA,20231205,100586.5,100575.71,1435,1437,'202312051435,-10.789999999993597,2,SELL,238.15,238.28,239.25,238.41,
TSLA,20231205,100575.71,100545.83,1441,1446,'202312051441,-29.880000000004657,5,SELL,238.19,238.34,238.43,238.7,
TSLA,20231205,100545.83,100531.72,1547,1548,'202312051547,-14.110000000000582,1,SELL,238.26,238.61,239.04,238.78,
TSLA,20231205,100531.72,100549.98,1552,1557,'202312051552,18.25999999999476,5,SELL,238.26,238.68,238.93,238.46,
TSLA,20231206,100549.98,100421.19,0933,0935,'202312060933,-128.7899999999936,2,BUY,236.78,244.41,244.8,242.82,
TSLA,20231206,100421.19,100549.11,0939,0948,'202312060939,127.91999999999825,9,BUY,242.74,243.23,244.48,244.79,
TSLA,20231206,100549.11,100506.99,0952,0953,'202312060952,-42.11999999999534,1,BUY,244.9,245.74,245.71,245.22,
TSLA,20231206,100506.99,100489.17,0957,0958,'202312060957,-17.820000000006985,1,BUY,244.77,245.18,245.55,244.96,
TSLA,20231206,100489.17,100464.87,1002,1007,'202312061002,-24.30000000000291,5,BUY,243.91,244.05,245.45,243.75,
TSLA,20231206,100464.87,100438.95,1011,1016,'202312061011,-25.919999999998254,5,BUY,243.53,245.22,245.08,244.9,
TSLA,20231206,100438.95,100396.31,1020,1021,'202312061020,-42.63999999999942,1,BUY,243.8,243.72,245.56,243.2,
TSLA,20231206,100396.31,100381.73,1248,1249,'202312061248,-14.580000000001746,1,BUY,245.18,245.41,246.45,245.23,
TSLA,20231206,100381.73,100338.27,1334,1335,'202312061334,-43.45999999999185,1,SELL,242.14,242.19,242.74,242.72,
TSLA,20231206,100338.27,100362.05,1339,1351,'202312061339,23.779999999998836,12,SELL,242.2,242.51,242.87,242.22,
TSLA,20231206,100362.05,100320.23,1355,1412,'202312061355,-41.820000000006985,17,SELL,241.85,242.03,242.51,242.54,
TSLA,20231206,100320.23,100303.01,1416,1417,'202312061416,-17.220000000001164,1,SELL,242.01,242.32,242.52,242.53,
TSLA,20231206,100303.01,100275.95,1421,1425,'202312061421,-27.05999999999767,4,SELL,241.94,241.89,242.59,242.22,
TSLA,20231206,100275.95,100260.37,1429,1431,'202312061429,-15.580000000001746,2,SELL,241.69,241.65,242.17,241.84,
TSLA,20231206,100260.37,100240.69,1435,1436,'202312061435,-19.679999999993015,1,SELL,241.64,241.76,242.09,242.0,
TSLA,20231206,100240.69,100218.55,1440,1441,'202312061440,-22.139999999999418,1,SELL,241.75,242.34,242.39,242.61,
TSLA,20231206,100218.55,100209.53,1445,1446,'202312061445,-9.020000000004075,1,SELL,242.12,242.52,242.64,242.63,
TSLA,20231206,100209.53,100338.27,1505,1534,'202312061505,128.74000000000524,29,SELL,242.05,242.17,242.77,240.6,
TSLA,20231206,100338.27,100329.97,1538,1540,'202312061538,-8.30000000000291,2,SELL,239.97,240.28,240.56,240.38,
TSLA,20231206,100329.97,100427.08,1544,1557,'202312061544,97.11000000000058,13,SELL,240.16,240.44,240.55,239.27,
TSLA,20231207,100427.08,100448.66,0933,0937,'202312070933,21.580000000001746,4,BUY,238.56,240.25,241.59,240.51,
TSLA,20231207,100448.66,100378.1,0948,0952,'202312070948,-70.55999999999767,4,SELL,236.92,237.97,239.06,238.81,
TSLA,20231207,100378.1,100359.01,0956,0958,'202312070956,-19.09000000001106,2,SELL,237.47,238.3,238.78,238.53,
TSLA,20231207,100359.01,100312.81,1002,1007,'202312071002,-46.19999999999709,5,SELL,237.77,237.69,238.63,238.24,
TSLA,20231207,100312.81,100297.87,1011,1012,'202312071011,-14.940000000002328,1,SELL,237.45,238.95,238.69,239.13,
TSLA,20231207,100297.87,100338.87,1102,1111,'202312071102,41.0,9,BUY,241.95,242.58,243.02,243.08,
TSLA,20231207,100338.87,100330.67,1132,1156,'202312071132,-8.19999999999709,24,BUY,241.35,242.42,242.47,242.32,
TSLA,20231207,100330.67,100321.65,1403,1405,'202312071403,-9.020000000004075,2,BUY,241.09,241.41,241.66,241.3,
TSLA,20231207,100321.65,100304.43,1423,1425,'202312071423,-17.220000000001164,2,BUY,241.07,241.4,241.75,241.19,
TSLA,20231207,100304.43,100288.85,1429,1430,'202312071429,-15.579999999987194,1,BUY,241.21,241.42,241.63,241.23,
TSLA,20231207,100288.85,100285.57,1434,1435,'202312071434,-3.279999999998836,1,BUY,241.15,241.11,241.39,241.07,
TSLA,20231207,100285.57,100275.73,1502,1522,'202312071502,-9.84000000001106,20,BUY,240.76,241.13,241.14,241.01,
TSLA,20231207,100275.73,100274.09,1531,1532,'202312071531,-1.639999999999418,1,BUY,240.87,241.71,241.89,241.69,
TSLA,20231207,100274.09,100361.83,1536,1557,'202312071536,87.74000000000524,21,BUY,241.3,241.4,241.87,242.47,
TSLA,20231208,100361.83,100348.71,0933,0935,'202312080933,-13.119999999995343,2,SELL,240.24,241.47,243.39,241.63,
TSLA,20231208,100348.71,100331.49,0949,0951,'202312080949,-17.220000000001164,2,BUY,242.4,242.4,243.42,242.19,
TSLA,20231208,100331.49,100492.21,0955,1012,'202312080955,160.72000000000116,17,BUY,241.4,241.48,242.97,243.44,
TSLA,20231208,100492.21,100450.9,1016,1018,'202312081016,-41.310000000012224,2,BUY,243.46,244.24,244.29,243.73,
TSLA,20231208,100450.9,100408.78,1022,1033,'202312081022,-42.11999999999534,11,BUY,243.47,244.29,244.25,243.77,
TSLA,20231208,100408.78,100376.8,1037,1038,'202312081037,-31.979999999995925,1,BUY,243.22,243.34,244.82,242.95,
TSLA,20231208,100376.8,100414.87,1055,1103,'202312081055,38.06999999999243,8,BUY,243.43,244.08,244.1,244.55,
TSLA,20231208,100414.87,100387.33,1107,1110,'202312081107,-27.539999999993597,3,BUY,244.04,244.08,245.12,243.74,
TSLA,20231208,100387.33,100356.17,1219,1220,'202312081219,-31.160000000003492,1,SELL,240.68,241.07,241.4,241.45,
TSLA,20231208,100356.17,100334.03,1224,1225,'202312081224,-22.139999999999418,1,SELL,240.79,241.28,241.6,241.55,
TSLA,20231208,100334.03,100333.21,1229,1241,'202312081229,-0.819999999992433,12,SELL,241.31,241.34,241.56,241.35,
TSLA,20231208,100333.21,100319.27,1245,1259,'202312081245,-13.940000000002328,14,SELL,240.91,241.42,241.61,241.59,
TSLA,20231208,100319.27,100300.64,1447,1450,'202312081447,-18.630000000004657,3,BUY,243.87,244.61,244.66,244.38,
TSLA,20231211,100300.64,100270.3,0933,0938,'202312110933,-30.339999999996508,5,SELL,241.61,242.07,244.51,242.44,
TSLA,20231211,100270.3,100248.98,0942,0945,'202312110942,-21.320000000006985,3,SELL,241.09,241.76,242.49,242.02,
TSLA,20231211,100248.98,100243.24,0949,0953,'202312110949,-5.739999999990687,4,SELL,241.4,241.77,242.24,241.84,
TSLA,20231211,100243.24,100198.96,0957,1000,'202312110957,-44.279999999998836,3,SELL,241.18,241.82,242.12,242.36,
TSLA,20231211,100198.96,100205.52,1004,1015,'202312111004,6.559999999997672,11,SELL,241.43,241.45,242.24,241.37,
TSLA,20231211,100205.52,100175.64,1019,1020,'202312111019,-29.880000000004657,1,SELL,240.43,240.77,241.31,241.13,
TSLA,20231211,100175.64,100188.92,1024,1032,'202312111024,13.279999999998836,8,SELL,240.69,240.56,241.33,240.4,
TSLA,20231211,100188.92,100178.96,1036,1042,'202312111036,-9.959999999991851,6,SELL,239.57,240.77,240.82,240.89,
TSLA,20231211,100178.96,100207.18,1109,1124,'202312111109,28.219999999986612,15,SELL,240.47,240.47,242.08,240.13,
TSLA,20231211,100207.18,100315.08,1128,1203,'202312111128,107.90000000000873,35,SELL,239.61,239.78,240.2,238.48,
TSLA,20231211,100315.08,100296.82,1329,1355,'202312111329,-18.25999999999476,26,SELL,238.76,238.72,239.66,238.94,
TSLA,20231211,100296.82,100268.6,1448,1457,'202312111448,-28.220000000001164,9,SELL,239.16,239.27,239.98,239.61,
TSLA,20231212,100268.6,100316.48,0933,0940,'202312120933,47.879999999990105,7,SELL,235.66,235.66,240.98,235.09,
TSLA,20231212,100316.48,100251.03,0944,0948,'202312120944,-65.44999999999709,4,SELL,234.09,234.37,234.98,235.14,
TSLA,20231212,100251.03,100180.47,0952,0955,'202312120952,-70.55999999999767,3,SELL,234.33,235.34,235.51,236.18,
TSLA,20231212,100180.47,100159.22,1047,1100,'202312121047,-21.25,13,SELL,235.22,235.26,236.2,235.51,
TSLA,20231212,100159.22,100186.94,1104,1116,'202312121104,27.720000000001164,12,SELL,235.11,235.38,235.48,235.05,
TSLA,20231212,100186.94,100164.84,1134,1142,'202312121134,-22.10000000000582,8,SELL,235.2,235.15,235.92,235.41,
TSLA,20231212,100164.84,100236.24,1146,1224,'202312121146,71.40000000000873,38,SELL,235.08,235.48,235.56,234.63,
TSLA,20231212,100236.24,100220.94,1228,1242,'202312121228,-15.30000000000291,14,SELL,234.0,234.56,234.64,234.74,
TSLA,20231212,100220.94,100191.19,1246,1250,'202312121246,-29.75,4,SELL,234.45,234.45,234.74,234.8,
TSLA,20231212,100191.19,100189.51,1517,1520,'202312121517,-1.680000000007567,3,BUY,237.18,237.24,237.37,237.22,
TSLA,20231212,100189.51,100171.87,1524,1531,'202312121524,-17.639999999999418,7,BUY,236.99,237.01,237.41,236.8,
TSLA,20231213,100171.87,100311.27,0950,1005,'202312130950,139.40000000000873,15,SELL,234.63,234.62,235.58,232.98,
TSLA,20231213,100311.27,100270.47,1009,1016,'202312131009,-40.80000000000291,7,SELL,232.49,233.09,233.26,233.57,
TSLA,20231213,100270.47,100244.12,1020,1026,'202312131020,-26.35000000000582,6,SELL,232.94,233.78,233.92,234.09,
TSLA,20231213,100244.12,100455.77,1054,1117,'202312131054,211.65000000000873,23,SELL,233.02,232.9,234.37,230.41,
TSLA,20231213,100455.77,100486.22,1121,1127,'202312131121,30.44999999999709,6,SELL,229.44,229.52,230.53,229.17,
TSLA,20231213,100486.22,100493.87,1417,1424,'202312131417,7.649999999994179,7,BUY,233.27,233.63,233.99,233.72,
TSLA,20231213,100493.87,100386.77,1428,1431,'202312131428,-107.09999999999127,3,BUY,233.68,234.07,234.47,232.81,
TSLA,20231213,100386.77,100601.82,1438,1459,'202312131438,215.0500000000029,21,BUY,233.05,234.68,234.94,237.21,
TSLA,20231213,100601.82,100581.07,1503,1506,'202312131503,-20.75,3,BUY,237.12,239.57,239.15,239.32,
TSLA,20231213,100581.07,100566.13,1510,1515,'202312131510,-14.940000000002328,5,BUY,238.51,238.45,240.06,238.27,
TSLA,20231214,100566.13,100508.62,0933,0935,'202312140933,-57.51000000000931,2,BUY,237.1,244.46,244.35,243.75,
TSLA,20231214,100508.62,100579.14,0939,0946,'202312140939,70.52000000000407,7,BUY,242.94,243.86,244.58,244.72,
TSLA,20231214,100579.14,100686.87,0950,1002,'202312140950,107.72999999999593,12,BUY,244.69,244.76,245.44,246.09,
TSLA,20231214,100686.87,100809.18,1006,1015,'202312141006,122.30999999999767,9,BUY,245.55,245.3,246.97,246.81,
TSLA,20231214,100809.18,100779.58,1019,1021,'202312141019,-29.59999999999127,2,BUY,246.31,247.13,247.51,246.76,
TSLA,20231214,100779.58,100761.18,1025,1029,'202312141025,-18.40000000000873,4,BUY,246.71,247.0,247.24,246.77,
TSLA,20231214,100761.18,100855.58,1033,1038,'202312141033,94.40000000000873,5,BUY,246.56,247.38,247.58,248.56,
TSLA,20231214,100855.58,100772.38,1042,1047,'202312141042,-83.19999999999709,5,BUY,247.68,248.16,249.75,247.12,
TSLA,20231214,100772.38,100778.78,1130,1136,'202312141130,6.399999999994179,6,BUY,246.95,248.38,248.45,248.46,
TSLA,20231214,100778.78,100748.38,1140,1141,'202312141140,-30.39999999999418,1,BUY,248.47,248.99,249.17,248.61,
TSLA,20231214,100748.38,100754.78,1145,1154,'202312141145,6.399999999994179,9,BUY,248.39,249.61,249.51,249.69,
TSLA,20231214,100754.78,100733.98,1158,1201,'202312141158,-20.80000000000291,3,BUY,249.58,249.78,250.77,249.52,
TSLA,20231214,100733.98,100703.96,1205,1206,'202312141205,-30.019999999989523,1,BUY,249.56,250.27,250.23,249.89,
TSLA,20231214,100703.96,100766.36,1210,1218,'202312141210,62.39999999999418,8,BUY,249.65,249.92,250.38,250.7,
TSLA,20231214,100766.36,100851.68,1222,1250,'202312141222,85.31999999999243,28,BUY,250.41,251.7,251.65,252.78,
TSLA,20231215,100851.68,100799.68,0935,0937,'202312150935,-52.0,2,SELL,248.98,249.96,251.4,250.61,
TSLA,20231215,100799.68,100707.25,0941,0942,'202312150941,-92.42999999999302,1,SELL,249.01,250.9,251.12,252.07,
TSLA,20231215,100707.25,100687.25,0953,1002,'202312150953,-20.0,9,SELL,248.8,249.97,250.75,250.22,
TSLA,20231215,100687.25,100673.82,1006,1007,'202312151006,-13.429999999993015,1,SELL,249.24,250.99,250.81,251.16,
TSLA,20231215,100673.82,100661.97,1011,1012,'202312151011,-11.85000000000582,1,SELL,250.11,251.37,251.73,251.52,
TSLA,20231215,100661.97,100724.38,1019,1035,'202312151019,62.41000000000349,16,BUY,251.12,251.43,252.46,252.22,
TSLA,20231215,100724.38,100690.41,1039,1043,'202312151039,-33.970000000001164,4,BUY,252.22,252.62,252.98,252.19,
TSLA,20231215,100690.41,100644.59,1047,1048,'202312151047,-45.820000000006985,1,BUY,251.96,251.95,252.73,251.37,
TSLA,20231215,100644.59,100628.0,1052,1105,'202312151052,-16.589999999996508,13,BUY,251.53,251.71,252.32,251.5,
TSLA,20231215,100628.0,100594.03,1130,1131,'202312151130,-33.970000000001164,1,BUY,251.06,251.76,251.96,251.33,
TSLA,20231215,100594.03,100578.23,1135,1141,'202312151135,-15.80000000000291,6,BUY,251.07,251.33,251.84,251.13,
TSLA,20231215,100578.23,100620.89,1145,1203,'202312151145,42.66000000000349,18,BUY,251.1,251.68,251.63,252.22,
TSLA,20231215,100620.89,100628.79,1207,1242,'202312151207,7.899999999994179,35,BUY,252.23,252.45,252.88,252.55,
TSLA,20231215,100628.79,100598.77,1543,1545,'202312151543,-30.019999999989523,2,BUY,251.88,252.88,252.8,252.5,
TSLA,20231215,100598.77,100686.46,1549,1557,'202312151549,87.69000000000233,8,BUY,252.49,252.69,252.83,253.8,
TSLA,20231218,100686.46,100758.22,0933,0947,'202312180933,71.75999999999476,14,BUY,252.96,255.5,254.74,256.42,
TSLA,20231218,100758.22,100721.26,0951,0952,'202312180951,-36.9600000000064,1,BUY,256.5,257.15,257.42,256.67,
TSLA,20231218,100721.26,100834.36,0956,1027,'202312180956,113.10000000000582,31,BUY,256.19,256.41,257.23,257.86,
TSLA,20231218,100834.36,100792.01,1031,1037,'202312181031,-42.35000000000582,6,BUY,257.77,257.62,258.6,257.07,
TSLA,20231218,100792.01,100801.37,1149,1207,'202312181149,9.360000000000582,18,SELL,254.51,254.41,255.28,254.29,
TSLA,20231218,100801.37,100784.99,1211,1220,'202312181211,-16.379999999990105,9,SELL,253.58,254.0,254.49,254.21,
TSLA,20231218,100784.99,100780.31,1224,1226,'202312181224,-4.680000000007567,2,SELL,253.62,254.15,254.2,254.21,
TSLA,20231218,100780.31,100749.89,1313,1321,'202312181313,-30.419999999998254,8,SELL,254.62,254.44,255.35,254.83,
TSLA,20231218,100749.89,100775.63,1325,1345,'202312181325,25.74000000000524,20,SELL,254.26,254.77,254.82,254.44,
TSLA,20231218,100775.63,100764.71,1404,1406,'202312181404,-10.919999999998254,2,SELL,254.04,254.44,254.67,254.58,
TSLA,20231218,100764.71,100744.43,1419,1420,'202312181419,-20.280000000013388,1,SELL,253.99,253.79,255.1,254.05,
TSLA,20231218,100744.43,100757.69,1424,1440,'202312181424,13.260000000009313,16,SELL,253.53,253.71,254.57,253.54,
TSLA,20231218,100757.69,100759.27,1444,1452,'202312181444,1.5800000000017462,8,SELL,253.04,253.05,253.47,253.03,
TSLA,20231218,100759.27,100728.46,1538,1542,'202312181538,-30.80999999999767,4,SELL,251.96,251.74,253.0,252.13,
TSLA,20231218,100728.46,100719.77,1546,1549,'202312181546,-8.690000000002328,3,SELL,251.69,252.22,252.28,252.33,
TSLA,20231218,100719.77,100692.91,1553,1554,'202312181553,-26.860000000000582,1,SELL,251.98,252.2,252.46,252.54,
TSLA,20231219,100692.91,100665.61,0933,0944,'202312190933,-27.30000000000291,11,BUY,251.31,254.97,254.86,254.62,
TSLA,20231219,100665.61,100602.43,0948,0956,'202312190948,-63.18000000000757,8,BUY,254.45,255.16,255.31,254.35,
TSLA,20231219,100602.43,100626.61,1008,1036,'202312191008,24.180000000007567,28,BUY,253.86,256.0,256.03,256.31,
TSLA,20231219,100626.61,100673.58,1050,1116,'202312191050,46.970000000001164,26,BUY,255.9,256.94,256.95,257.55,
TSLA,20231219,100673.58,100678.2,1131,1150,'202312191131,4.619999999995343,19,BUY,257.06,257.05,258.16,257.11,
TSLA,20231219,100678.2,100661.26,1342,1347,'202312191342,-16.94000000000233,5,BUY,256.01,256.69,256.75,256.47,
TSLA,20231219,100661.26,100642.54,1351,1352,'202312191351,-18.720000000001164,1,BUY,256.37,256.41,256.92,256.17,
TSLA,20231219,100642.54,100630.22,1445,1450,'202312191445,-12.319999999992433,5,BUY,255.77,256.57,256.55,256.41,
TSLA,20231219,100630.22,100613.28,1454,1455,'202312191454,-16.94000000000233,1,BUY,256.36,256.75,256.76,256.53,
TSLA,20231219,100613.28,100581.71,1459,1506,'202312191459,-31.569999999992433,7,BUY,256.38,256.65,256.76,256.24,
TSLA,20231219,100581.71,100577.09,1545,1548,'202312191545,-4.620000000009895,3,BUY,256.25,256.44,256.6,256.38,
TSLA,20231219,100577.09,100587.1,1552,1557,'202312191552,10.010000000009313,5,BUY,256.32,256.67,256.79,256.8,
TSLA,20231220,100587.1,100617.9,0948,0956,'202312200948,30.79999999998836,8,BUY,256.79,257.83,258.04,258.23,
TSLA,20231220,100617.9,100604.81,1000,1010,'202312201000,-13.089999999996508,10,BUY,258.32,259.27,259.17,259.1,
TSLA,20231220,100604.81,100580.94,1014,1020,'202312201014,-23.869999999995343,6,BUY,258.71,258.79,259.71,258.48,
TSLA,20231220,100580.94,100537.05,1024,1027,'202312201024,-43.88999999999942,3,BUY,258.46,259.38,259.16,258.81,
TSLA,20231220,100537.05,100493.16,1031,1035,'202312201031,-43.88999999999942,4,BUY,258.35,258.42,259.34,257.85,
TSLA,20231220,100493.16,100486.14,1234,1235,'202312201234,-7.0200000000040745,1,SELL,255.39,255.68,256.11,255.77,
TSLA,20231220,100486.14,100472.1,1239,1241,'202312201239,-14.039999999993597,2,SELL,255.44,255.83,255.89,256.01,
TSLA,20231220,100472.1,100460.4,1245,1246,'202312201245,-11.700000000011642,1,SELL,255.66,256.05,256.06,256.2,
TSLA,20231220,100460.4,100446.36,1408,1410,'202312201408,-14.039999999993597,2,SELL,255.94,256.05,256.89,256.23,
TSLA,20231220,100446.36,100441.68,1414,1417,'202312201414,-4.680000000007567,3,SELL,255.99,256.35,256.29,256.41,
TSLA,20231220,100441.68,100851.18,1421,1455,'202312201421,409.5,34,SELL,255.72,255.57,256.53,250.32,
TSLA,20231220,100851.18,100930.38,1459,1506,'202312201459,79.20000000001164,7,SELL,249.49,249.41,250.64,248.42,
TSLA,20231220,100930.38,100877.58,1510,1511,'202312201510,-52.80000000000291,1,SELL,247.54,248.61,248.74,249.27,
TSLA,20231220,100877.58,100826.38,1528,1530,'202312201528,-51.19999999999709,2,SELL,248.7,248.39,250.45,249.03,
TSLA,20231220,100826.38,100798.38,1534,1542,'202312201534,-28.0,8,SELL,248.34,248.9,249.33,249.25,
TSLA,20231220,100798.38,100932.78,1546,1557,'202312201546,134.39999999999418,11,SELL,248.74,248.86,249.3,247.18,
TSLA,20231221,100932.78,100869.6,0933,0936,'202312210933,-63.179999999993015,3,BUY,245.37,253.61,253.89,252.8,
TSLA,20231221,100869.6,100882.24,0940,0947,'202312210940,12.639999999999418,7,BUY,251.78,252.08,253.73,252.24,
TSLA,20231221,100882.24,100856.96,0951,0952,'202312210951,-25.279999999998836,1,BUY,251.7,252.13,253.18,251.81,
TSLA,20231221,100856.96,100841.95,1132,1133,'202312211132,-15.010000000009313,1,BUY,252.31,252.78,253.02,252.59,
TSLA,20231221,100841.95,100841.17,1137,1139,'202312211137,-0.7799999999988358,2,BUY,252.54,253.3,253.42,253.29,
TSLA,20231221,100841.17,100830.9,1143,1152,'202312211143,-10.270000000004075,9,BUY,252.99,253.09,253.59,252.96,
TSLA,20231221,100830.9,100915.43,1348,1457,'202312211348,84.52999999999884,69,BUY,251.39,251.77,251.92,252.84,
TSLA,20231221,100915.43,100931.03,1506,1544,'202312211506,15.60000000000582,38,BUY,252.94,253.63,253.84,253.83,
TSLA,20231222,100931.03,100844.79,0933,0934,'202312220933,-86.24000000000524,1,BUY,253.61,257.44,257.86,256.32,
TSLA,20231222,100844.79,100823.23,0938,0945,'202312220938,-21.55999999999767,7,BUY,255.4,257.21,258.03,256.93,
TSLA,20231222,100823.23,100797.82,0949,0952,'202312220949,-25.40999999998894,3,BUY,256.98,257.4,257.89,257.07,
TSLA,20231222,100797.82,100777.8,0956,0957,'202312220956,-20.020000000004075,1,BUY,256.34,256.54,257.61,256.28,
TSLA,20231222,100777.8,100777.03,1001,1005,'202312221001,-0.7700000000040745,4,BUY,256.14,256.8,256.95,256.79,
TSLA,20231222,100777.03,100758.55,1009,1013,'202312221009,-18.479999999995925,4,BUY,256.36,256.64,257.41,256.4,
TSLA,20231222,100758.55,100739.83,1017,1019,'202312221017,-18.720000000001164,2,BUY,256.17,256.2,256.97,255.96,
TSLA,20231222,100739.83,100811.59,1419,1436,'202312221419,71.75999999999476,17,SELL,253.14,253.22,253.98,252.3,
TSLA,20231222,100811.59,100788.68,1440,1442,'202312221440,-22.910000000003492,2,SELL,251.82,252.31,252.61,252.6,
TSLA,20231222,100788.68,100763.4,1446,1452,'202312221446,-25.279999999998836,6,SELL,252.26,252.63,252.72,252.95,
TSLA,20231222,100763.4,100772.09,1543,1557,'202312221543,8.690000000002328,14,SELL,252.6,252.69,253.12,252.58,
TSLA,20231226,100772.09,100732.31,0933,0934,'202312260933,-39.779999999998836,1,BUY,251.75,254.67,255.21,254.16,
TSLA,20231226,100732.31,100694.87,0938,0939,'202312260938,-37.44000000000233,1,BUY,253.18,253.84,255.25,253.36,
TSLA,20231226,100694.87,100682.39,1000,1006,'202312261000,-12.479999999995925,6,BUY,254.07,254.63,254.83,254.47,
TSLA,20231226,100682.39,100713.59,1010,1029,'202312261010,31.19999999999709,19,BUY,254.29,255.77,255.67,256.17,
TSLA,20231226,100713.59,100688.95,1033,1038,'202312261033,-24.639999999999418,5,BUY,256.23,256.96,257.03,256.64,
TSLA,20231226,100688.95,100671.79,1042,1043,'202312261042,-17.160000000003492,1,BUY,256.35,256.28,257.01,256.06,
TSLA,20231226,100671.79,100651.77,1106,1126,'202312261106,-20.019999999989523,20,BUY,255.84,256.75,256.51,256.49,
TSLA,20231226,100651.77,100642.53,1152,1200,'202312261152,-9.240000000005239,8,BUY,256.14,257.08,257.16,256.96,
TSLA,20231226,100642.53,100624.82,1204,1206,'202312261204,-17.70999999999185,2,BUY,256.81,256.89,257.23,256.66,
TSLA,20231226,100624.82,100634.06,1210,1243,'202312261210,9.239999999990687,33,BUY,256.6,256.83,256.97,256.95,
TSLA,20231226,100634.06,100633.29,1319,1341,'202312261319,-0.7700000000040745,22,BUY,256.59,257.25,257.43,257.24,
TSLA,20231226,100633.29,100620.97,1538,1552,'202312261538,-12.319999999992433,14,BUY,256.77,256.84,257.45,256.68,
TSLA,20231227,100620.97,100720.53,0933,0948,'202312270933,99.55999999999767,15,BUY,255.68,260.07,259.85,261.38,
TSLA,20231227,100720.53,100697.73,0952,1011,'202312270952,-22.80000000000291,19,BUY,261.59,262.46,262.47,262.16,
TSLA,20231227,100697.73,100668.85,1332,1337,'202312271332,-28.879999999990105,5,BUY,262.39,263.13,263.18,262.75,
TSLA,20231227,100668.85,100659.73,1341,1343,'202312271341,-9.120000000009895,2,BUY,262.73,262.83,263.13,262.71,
TSLA,20231227,100659.73,100649.09,1347,1349,'202312271347,-10.639999999999418,2,BUY,262.73,262.74,262.88,262.6,
TSLA,20231227,100649.09,100638.45,1353,1359,'202312271353,-10.639999999999418,6,BUY,262.65,262.85,262.87,262.71,
TSLA,20231227,100638.45,100627.05,1534,1536,'202312271534,-11.39999999999418,2,SELL,260.31,260.98,260.92,261.13,
TSLA,20231228,100627.05,100565.55,0933,0935,'202312280933,-61.5,2,BUY,260.31,263.95,264.68,263.13,
TSLA,20231228,100565.55,100540.8,0939,0949,'202312280939,-24.75,10,BUY,262.94,263.43,264.49,263.1,
TSLA,20231228,100540.8,100546.88,1004,1008,'202312281004,6.080000000001746,4,SELL,260.79,260.78,261.58,260.7,
TSLA,20231228,100546.88,100527.88,1012,1014,'202312281012,-19.0,2,SELL,260.1,260.71,261.06,260.96,
TSLA,20231228,100527.88,100516.48,1018,1021,'202312281018,-11.400000000008731,3,SELL,260.46,260.76,261.02,260.91,
TSLA,20231228,100516.48,100505.08,1025,1044,'202312281025,-11.39999999999418,19,SELL,260.56,261.15,261.12,261.3,
TSLA,20231228,100505.08,100614.52,1101,1141,'202312281101,109.44000000000233,40,SELL,260.71,260.59,261.61,259.15,
TSLA,20231228,100614.52,100593.73,1145,1206,'202312281145,-20.79000000000815,21,SELL,258.81,259.07,259.13,259.34,
TSLA,20231228,100593.73,100582.18,1210,1233,'202312281210,-11.55000000000291,23,SELL,258.95,259.37,259.38,259.52,
TSLA,20231228,100582.18,100573.71,1252,1254,'202312281252,-8.469999999986612,2,SELL,258.93,259.07,259.71,259.18,
TSLA,20231228,100573.71,100799.32,1258,1423,'202312281258,225.61000000000058,85,SELL,258.98,259.16,259.22,256.23,
TSLA,20231228,100799.32,100972.48,1427,1519,'202312281427,173.15999999998894,52,SELL,255.86,256.0,256.16,253.78,
TSLA,20231228,100972.48,101001.34,1554,1557,'202312281554,28.860000000000582,3,SELL,253.43,253.4,253.94,253.03,
TSLA,20231229,101001.34,100953.15,0938,0942,'202312290938,-48.19000000000233,4,SELL,251.56,253.04,253.86,253.65,
TSLA,20231229,100953.15,100911.81,0946,0948,'202312290946,-41.33999999999651,2,SELL,252.62,253.31,253.77,253.84,
TSLA,20231229,100911.81,100886.53,1004,1005,'202312291004,-25.279999999998836,1,SELL,251.69,252.08,253.66,252.4,
TSLA,20231229,100886.53,100850.98,1009,1016,'202312291009,-35.55000000000291,7,SELL,251.69,253.03,253.39,253.48,
TSLA,20231229,100850.98,101134.59,1020,1050,'202312291020,283.6100000000006,30,SELL,252.98,253.04,253.46,249.45,
TSLA,20231229,101134.59,101084.19,1054,1056,'202312291054,-50.39999999999418,2,SELL,248.52,248.99,249.42,249.62,
TSLA,20231229,101084.19,101199.39,1100,1117,'202312291100,115.19999999999709,17,SELL,248.98,249.61,249.79,248.17,
TSLA,20231229,101199.39,101196.99,1121,1134,'202312291121,-2.3999999999941792,13,SELL,247.7,248.31,248.61,248.34,
TSLA,20231229,101196.99,101181.79,1138,1141,'202312291138,-15.200000000011642,3,SELL,247.76,248.12,248.45,248.31,
TSLA,20231229,101181.79,101196.19,1217,1233,'202312291217,14.400000000008731,16,SELL,248.87,249.14,249.4,248.96,
TSLA,20231229,101196.19,101174.59,1237,1238,'202312291237,-21.60000000000582,1,SELL,248.47,248.76,249.01,249.03,
TSLA,20231229,101174.59,101198.59,1242,1305,'202312291242,24.0,23,SELL,248.69,248.93,249.07,248.63,
TSLA,20231229,101198.59,101189.79,1433,1437,'202312291433,-8.80000000000291,4,SELL,249.45,249.64,250.02,249.75,
TSLA,20231229,101189.79,101160.56,1441,1452,'202312291441,-29.229999999995925,11,SELL,249.52,250.18,250.1,250.55,
TSLA,20231229,101160.56,101142.96,1506,1508,'202312291506,-17.59999999999127,2,SELL,249.86,249.93,250.67,250.15,
TSLA,20231229,101142.96,101288.32,1512,1557,'202312291512,145.36000000000058,45,SELL,249.83,250.27,250.48,248.43,
TSLA,20240102,101288.32,101345.83,0938,0944,'202401020938,57.50999999999476,6,SELL,245.31,246.61,249.73,245.9,
TSLA,20240102,101345.83,101324.77,0948,0950,'202401020948,-21.05999999999767,2,SELL,245.06,246.51,246.87,246.77,
TSLA,20240102,101324.77,101321.61,1134,1152,'202401021134,-3.1600000000034925,18,BUY,249.76,250.19,250.36,250.15,
TSLA,20240102,101321.61,101304.23,1156,1157,'202401021156,-17.380000000004657,1,BUY,250.19,250.37,250.7,250.15,
TSLA,20240102,101304.23,101277.37,1201,1202,'202401021201,-26.860000000000582,1,BUY,250.13,250.3,250.54,249.96,
TSLA,20240102,101277.37,101262.97,1333,1350,'202401021333,-14.39999999999418,17,BUY,248.35,248.84,248.85,248.66,
TSLA,20240102,101262.97,101235.77,1354,1356,'202401021354,-27.19999999999709,2,BUY,248.5,248.57,249.16,248.23,
TSLA,20240102,101235.77,101246.17,1519,1547,'202401021519,10.39999999999418,28,SELL,246.87,247.13,247.37,247.0,
TSLA,20240103,101246.17,101253.55,0933,0935,'202401030933,7.380000000004657,2,SELL,242.97,242.09,250.13,242.0,
TSLA,20240103,101253.55,101338.83,0939,0946,'202401030939,85.27999999999884,7,SELL,240.75,242.03,244.61,240.99,
TSLA,20240103,101338.83,101285.71,0950,0951,'202401030950,-53.11999999999534,1,SELL,240.17,240.41,241.95,241.05,
TSLA,20240103,101285.71,101255.0,0955,1000,'202401030955,-30.710000000006403,5,SELL,239.84,239.48,241.4,239.85,
TSLA,20240103,101255.0,101203.54,1004,1005,'202401031004,-51.4600000000064,1,SELL,238.86,238.78,240.22,239.4,
TSLA,20240103,101203.54,101263.3,1009,1018,'202401031009,59.76000000000931,9,SELL,238.49,238.2,240.33,237.48,
TSLA,20240103,101263.3,101241.46,1022,1023,'202401031022,-21.839999999996508,1,SELL,236.63,237.19,237.6,237.45,
TSLA,20240103,101241.46,101209.54,1027,1030,'202401031027,-31.920000000012806,3,SELL,237.13,237.77,237.75,238.15,
TSLA,20240103,101209.54,101181.82,1034,1035,'202401031034,-27.719999999986612,1,SELL,237.37,237.82,238.3,238.15,
TSLA,20240103,101181.82,101158.3,1039,1040,'202401031039,-23.520000000004075,1,SELL,237.29,237.44,238.35,237.72,
TSLA,20240103,101158.3,101096.05,1117,1125,'202401031117,-62.25,8,SELL,238.61,238.4,239.27,239.15,
TSLA,20240103,101096.05,101084.43,1129,1131,'202401031129,-11.620000000009895,2,SELL,238.46,239.04,239.23,239.18,
TSLA,20240103,101084.43,101095.22,1135,1142,'202401031135,10.790000000008149,7,SELL,238.95,239.2,239.4,239.07,
TSLA,20240103,101095.22,101091.07,1407,1410,'202401031407,-4.149999999994179,3,SELL,239.2,240.24,240.97,240.29,
TSLA,20240103,101091.07,101067.83,1414,1416,'202401031414,-23.24000000000524,2,SELL,239.26,239.62,240.51,239.9,
TSLA,20240103,101067.83,101068.66,1420,1424,'202401031420,0.8300000000017462,4,SELL,239.49,239.63,240.22,239.62,
TSLA,20240103,101068.66,101032.14,1527,1529,'202401031527,-36.520000000004075,2,SELL,238.81,238.81,239.44,239.25,
TSLA,20240103,101032.14,101096.88,1533,1555,'202401031533,64.74000000000524,22,SELL,238.74,239.5,239.55,238.72,
TSLA,20240104,101096.88,101144.19,1034,1055,'202401041034,47.30999999999767,21,BUY,240.14,240.74,241.03,241.31,
TSLA,20240104,101144.19,101135.99,1109,1124,'202401041109,-8.19999999999709,15,BUY,241.33,242.03,242.18,241.93,
TSLA,20240104,101135.99,101112.21,1128,1130,'202401041128,-23.779999999998836,2,BUY,241.77,241.81,242.11,241.52,
TSLA,20240104,101112.21,101103.08,1434,1436,'202401041434,-9.130000000004657,2,SELL,238.97,239.17,239.32,239.28,
TSLA,20240104,101103.08,101078.18,1440,1450,'202401041440,-24.90000000000873,10,SELL,239.04,239.23,239.29,239.53,
TSLA,20240104,101078.18,101049.13,1517,1519,'202401041517,-29.04999999998836,2,SELL,239.35,239.23,240.16,239.58,
TSLA,20240104,101049.13,101031.7,1523,1525,'202401041523,-17.430000000007567,2,SELL,239.26,239.71,239.74,239.92,
TSLA,20240104,101031.7,101025.89,1529,1530,'202401041529,-5.809999999997672,1,SELL,239.42,239.86,239.97,239.93,
TSLA,20240104,101025.89,101119.68,1545,1557,'202401041545,93.7899999999936,12,SELL,239.12,239.18,239.96,238.05,
TSLA,20240105,101119.68,101076.0,0933,0934,'202401050933,-43.679999999993015,1,SELL,236.2,236.19,238.6,236.71,
TSLA,20240105,101076.0,101093.64,0938,0946,'202401050938,17.639999999999418,8,SELL,235.98,236.64,237.52,236.43,
TSLA,20240105,101093.64,101069.57,1031,1043,'202401051031,-24.069999999992433,12,BUY,239.06,239.46,239.52,239.17,
TSLA,20240105,101069.57,101051.31,1047,1050,'202401051047,-18.260000000009313,3,BUY,239.21,239.81,239.94,239.59,
TSLA,20240105,101051.31,101029.73,1054,1057,'202401051054,-21.580000000001746,3,BUY,239.33,239.37,240.0,239.11,
TSLA,20240105,101029.73,100990.72,1101,1104,'202401051101,-39.00999999999476,3,BUY,239.12,239.65,239.59,239.18,
TSLA,20240105,100990.72,100978.27,1108,1110,'202401051108,-12.44999999999709,2,BUY,239.04,239.05,239.66,238.9,
TSLA,20240105,100978.27,100961.47,1234,1235,'202401051234,-16.80000000000291,1,SELL,236.42,236.48,236.72,236.68,
TSLA,20240105,100961.47,100942.99,1239,1240,'202401051239,-18.479999999995925,1,SELL,236.36,237.11,237.19,237.33,
TSLA,20240105,100942.99,100925.35,1443,1446,'202401051443,-17.639999999999418,3,SELL,237.72,237.74,238.36,237.95,
TSLA,20240105,100925.35,100942.15,1450,1511,'202401051450,16.79999999998836,21,SELL,237.67,237.63,237.97,237.43,
TSLA,20240105,100942.15,100943.83,1515,1545,'202401051515,1.680000000007567,30,SELL,236.91,237.46,237.57,237.44,
TSLA,20240108,100943.83,100932.21,1131,1139,'202401081131,-11.619999999995343,8,BUY,237.77,238.51,238.46,238.37,
TSLA,20240108,100932.21,100904.82,1143,1147,'202401081143,-27.389999999999418,4,BUY,238.32,238.4,238.77,238.07,
TSLA,20240108,100904.82,100913.12,1203,1225,'202401081203,8.299999999988358,22,BUY,237.7,239.23,239.21,239.33,
TSLA,20240108,100913.12,100908.97,1229,1236,'202401081229,-4.149999999994179,7,BUY,239.21,239.21,239.58,239.16,
TSLA,20240108,100908.97,100889.88,1240,1245,'202401081240,-19.089999999996508,5,BUY,239.22,239.38,239.53,239.15,
TSLA,20240108,100889.88,100869.96,1309,1310,'202401081309,-19.919999999998254,1,BUY,239.3,239.75,239.79,239.51,
TSLA,20240108,100869.96,100856.68,1314,1318,'202401081314,-13.280000000013388,4,BUY,239.35,239.39,239.79,239.23,
TSLA,20240108,100856.68,100816.01,1322,1326,'202401081322,-40.669999999998254,4,BUY,239.18,239.66,239.57,239.17,
TSLA,20240108,100816.01,100906.48,1345,1545,'202401081345,90.47000000000116,120,BUY,239.03,239.35,239.61,240.44,
TSLA,20240109,100906.48,101071.96,0933,0955,'202401090933,165.48000000001048,22,SELL,237.79,237.63,241.32,235.66,
TSLA,20240109,101071.96,101065.24,0959,1000,'202401090959,-6.720000000001164,1,SELL,235.11,235.66,235.77,235.74,
TSLA,20240109,101065.24,101157.04,1004,1015,'202401091004,91.79999999998836,11,SELL,235.21,234.91,235.99,233.83,
TSLA,20240109,101157.04,101217.39,1019,1034,'202401091019,60.35000000000582,15,SELL,233.35,233.71,234.23,233.0,
TSLA,20240109,101217.39,101189.34,1038,1039,'202401091038,-28.05000000000291,1,SELL,232.35,232.92,233.1,233.25,
TSLA,20240109,101189.34,101185.94,1043,1051,'202401091043,-3.3999999999941792,8,SELL,232.78,233.63,233.43,233.67,
TSLA,20240109,101185.94,101140.04,1333,1337,'202401091333,-45.90000000000873,4,SELL,233.5,233.37,234.72,233.91,
TSLA,20240109,101140.04,101125.59,1341,1347,'202401091341,-14.44999999999709,6,SELL,233.45,233.92,234.05,234.09,
TSLA,20240110,101125.59,101224.19,0943,0959,'202401100943,98.60000000000582,16,SELL,233.3,233.77,234.0,232.61,
TSLA,20240110,101224.19,101194.09,1003,1011,'202401101003,-30.10000000000582,8,SELL,231.74,231.76,232.55,232.11,
TSLA,20240110,101194.09,101181.34,1125,1139,'202401101125,-12.75,14,SELL,232.8,232.9,233.68,233.05,
TSLA,20240110,101181.34,101154.14,1153,1156,'202401101153,-27.19999999999709,3,SELL,232.96,232.86,233.7,233.18,
TSLA,20240110,101154.14,101149.04,1200,1208,'202401101200,-5.100000000005821,8,SELL,232.9,233.28,233.38,233.34,
TSLA,20240110,101149.04,101144.79,1228,1246,'202401101228,-4.25,18,SELL,232.67,232.8,233.95,232.85,
TSLA,20240110,101144.79,101121.84,1250,1258,'202401101250,-22.94999999999709,8,SELL,232.25,232.89,233.08,233.16,
TSLA,20240110,101121.84,101109.09,1304,1305,'202401101304,-12.75,1,SELL,232.37,232.98,233.27,233.13,
TSLA,20240110,101109.09,101098.89,1528,1531,'202401101528,-10.19999999999709,3,SELL,233.66,233.87,234.14,233.99,
TSLA,20240110,101098.89,101105.69,1535,1554,'202401101535,6.80000000000291,19,SELL,233.75,233.73,234.01,233.65,
TSLA,20240111,101105.69,101098.73,0933,0937,'202401110933,-6.960000000006403,4,SELL,228.4,229.25,235.42,229.33,
TSLA,20240111,101098.73,101104.75,0941,0947,'202401110941,6.0200000000040745,6,SELL,228.21,230.14,230.28,230.07,
TSLA,20240111,101104.75,101317.9,0951,1011,'202401110951,213.14999999999418,20,SELL,229.28,229.6,230.09,227.15,
TSLA,20240111,101317.9,101276.54,1015,1018,'202401111015,-41.36000000000058,3,SELL,226.44,226.96,227.13,227.43,
TSLA,20240111,101276.54,101207.81,1022,1028,'202401111022,-68.72999999999593,6,SELL,226.75,227.36,227.69,228.15,
TSLA,20240111,101207.81,101190.21,1046,1056,'202401111046,-17.59999999999127,10,SELL,226.8,227.04,227.61,227.24,
TSLA,20240111,101190.21,101256.21,1100,1121,'202401111100,66.0,21,SELL,226.59,227.17,227.36,226.42,
TSLA,20240111,101256.21,101244.77,1125,1141,'202401111125,-11.440000000002328,16,SELL,225.87,226.25,226.39,226.38,
TSLA,20240111,101244.77,101198.13,1145,1147,'202401111145,-46.63999999999942,2,SELL,226.02,226.57,226.54,227.1,
TSLA,20240111,101198.13,101173.49,1159,1202,'202401111159,-24.639999999999418,3,SELL,225.9,225.97,226.99,226.25,
TSLA,20240111,101173.49,101158.53,1206,1212,'202401111206,-14.960000000006403,6,SELL,225.95,226.36,226.46,226.53,
TSLA,20240111,101158.53,101164.69,1216,1235,'202401111216,6.1600000000034925,19,SELL,226.17,226.29,226.62,226.22,
TSLA,20240111,101164.69,101137.41,1239,1240,'202401111239,-27.279999999998836,1,SELL,225.85,226.22,226.22,226.53,
TSLA,20240111,101137.41,101111.01,1259,1301,'202401111259,-26.40000000000873,2,SELL,226.42,226.56,227.42,226.86,
TSLA,20240111,101111.01,101106.61,1305,1317,'202401111305,-4.399999999994179,12,SELL,226.42,227.01,227.13,227.06,
TSLA,20240111,101106.61,101102.21,1321,1340,'202401111321,-4.399999999994179,19,SELL,226.4,227.04,227.11,227.09,
TSLA,20240111,101102.21,101096.05,1547,1548,'202401111547,-6.1600000000034925,1,SELL,226.79,227.05,227.7,227.12,
TSLA,20240111,101096.05,101084.61,1552,1554,'202401111552,-11.440000000002328,2,SELL,226.64,226.92,227.27,227.05,
TSLA,20240112,101084.61,101042.78,0933,0934,'202401120933,-41.830000000001746,1,SELL,221.17,222.79,229.02,223.26,
TSLA,20240112,101042.78,101032.88,1053,1054,'202401121053,-9.89999999999418,1,SELL,220.62,220.63,221.81,220.74,
TSLA,20240112,101032.88,101012.18,1058,1108,'202401121058,-20.70000000001164,10,SELL,220.65,220.91,221.11,221.14,
TSLA,20240112,101012.18,101250.68,1134,1200,'202401121134,238.5,26,SELL,221.01,221.04,222.22,218.39,
TSLA,20240112,101250.68,101209.73,1204,1206,'202401121204,-40.94999999999709,2,SELL,217.67,217.57,218.36,218.02,
TSLA,20240112,101209.73,101170.6,1210,1211,'202401121210,-39.129999999990105,1,SELL,217.44,217.67,218.16,218.1,
TSLA,20240112,101170.6,101200.63,1332,1355,'202401121332,30.029999999998836,23,SELL,219.1,219.01,219.47,218.68,
TSLA,20240112,101200.63,101176.97,1359,1400,'202401121359,-23.660000000003492,1,SELL,218.02,218.57,218.77,218.83,
TSLA,20240112,101176.97,101160.59,1423,1424,'202401121423,-16.380000000004657,1,SELL,217.96,217.89,218.69,218.07,
TSLA,20240112,101160.59,101176.06,1428,1440,'202401121428,15.470000000001164,12,SELL,217.82,217.93,218.32,217.76,
TSLA,20240116,101176.06,101137.52,0933,0936,'202401160933,-38.5399999999936,3,SELL,212.83,212.69,220.75,213.1,
TSLA,20240116,101137.52,101054.75,0940,0943,'202401160940,-82.77000000000407,3,SELL,212.33,213.33,213.54,214.22,
TSLA,20240116,101054.75,100960.82,0947,0948,'202401160947,-93.92999999999302,1,SELL,212.89,213.18,214.17,214.19,
TSLA,20240116,100960.82,100931.7,1003,1004,'202401161003,-29.120000000009895,1,BUY,217.18,219.48,219.97,219.16,
TSLA,20240116,100931.7,101112.6,1008,1026,'202401161008,180.90000000000873,18,BUY,218.83,220.79,220.65,222.8,
TSLA,20240116,101112.6,101042.29,1030,1031,'202401161030,-70.31000000001222,1,BUY,222.46,223.37,223.66,222.58,
TSLA,20240116,101042.29,100998.68,1035,1036,'202401161035,-43.61000000000058,1,BUY,222.28,222.32,223.38,221.83,
TSLA,20240116,100998.68,100969.88,1127,1129,'202401161127,-28.79999999998836,2,BUY,221.09,221.75,222.0,221.43,
TSLA,20240116,100969.88,100955.48,1133,1136,'202401161133,-14.400000000008731,3,BUY,221.53,221.73,221.97,221.57,
TSLA,20240116,100955.48,100929.38,1140,1143,'202401161140,-26.09999999999127,3,BUY,221.04,221.07,221.97,220.78,
TSLA,20240116,100929.38,100898.78,1318,1320,'202401161318,-30.60000000000582,2,BUY,220.16,221.14,221.03,220.8,
TSLA,20240116,100898.78,100887.98,1324,1325,'202401161324,-10.80000000000291,1,BUY,220.67,220.83,221.09,220.71,
TSLA,20240116,100887.98,100862.78,1329,1332,'202401161329,-25.19999999999709,3,BUY,220.65,221.2,221.07,220.92,
TSLA,20240116,100862.78,100848.38,1336,1337,'202401161336,-14.39999999999418,1,BUY,220.73,220.8,221.13,220.64,
TSLA,20240117,100848.38,100844.66,0933,0937,'202401170933,-3.720000000001164,4,SELL,213.61,213.92,221.79,213.96,
TSLA,20240117,100844.66,100877.78,0941,0945,'202401170941,33.11999999999534,4,SELL,212.57,215.32,215.25,214.96,
TSLA,20240117,100877.78,100810.82,0949,0951,'202401170949,-66.95999999999185,2,SELL,213.56,213.67,215.49,214.39,
TSLA,20240117,100810.82,100769.9,0955,0957,'202401170955,-40.920000000012806,2,SELL,213.55,214.28,214.52,214.72,
TSLA,20240117,100769.9,100715.03,1001,1004,'202401171001,-54.86999999999534,3,SELL,213.95,214.51,214.62,215.1,
TSLA,20240117,100715.03,100831.28,1008,1024,'202401171008,116.25,16,SELL,214.05,214.54,215.1,213.29,
TSLA,20240117,100831.28,100830.35,1028,1036,'202401171028,-0.9299999999930151,8,SELL,212.73,213.21,213.48,213.22,
TSLA,20240117,100830.35,100845.23,1040,1049,'202401171040,14.879999999990105,9,SELL,212.64,213.82,213.95,213.66,
TSLA,20240117,100845.23,100812.68,1053,1057,'202401171053,-32.55000000000291,4,SELL,213.03,213.56,213.79,213.91,
TSLA,20240117,100812.68,100795.94,1118,1124,'202401171118,-16.739999999990687,6,SELL,213.29,213.24,213.93,213.42,
TSLA,20240117,100795.94,100809.89,1128,1137,'202401171128,13.94999999999709,9,SELL,213.08,213.43,213.51,213.28,
TSLA,20240117,100809.89,100808.03,1206,1208,'202401171206,-1.860000000000582,2,SELL,213.42,213.61,214.16,213.63,
TSLA,20240117,100808.03,100790.36,1212,1213,'202401171212,-17.669999999998254,1,SELL,213.4,213.61,213.64,213.8,
TSLA,20240117,100790.36,100770.83,1217,1229,'202401171217,-19.529999999998836,12,SELL,213.44,213.88,213.94,214.09,
TSLA,20240117,100770.83,100755.02,1233,1237,'202401171233,-15.809999999997672,4,SELL,213.44,213.72,214.08,213.89,
TSLA,20240117,100755.02,100736.42,1241,1251,'202401171241,-18.60000000000582,10,SELL,213.47,213.5,213.88,213.7,
TSLA,20240117,100736.42,100721.54,1255,1258,'202401171255,-14.880000000004657,3,SELL,213.24,213.89,213.9,214.05,
TSLA,20240117,100721.54,100770.83,1313,1339,'202401171313,49.29000000000815,26,SELL,213.17,213.2,213.86,212.67,
TSLA,20240117,100770.83,100768.04,1343,1419,'202401171343,-2.790000000008149,36,SELL,212.24,212.84,212.89,212.87,
TSLA,20240117,100768.04,100758.74,1519,1520,'202401171519,-9.299999999988358,1,BUY,214.61,214.77,214.98,214.67,
TSLA,20240117,100758.74,100769.78,1550,1557,'202401171550,11.039999999993597,7,BUY,214.86,215.52,215.31,215.64,
TSLA,20240118,100769.78,100674.1,0933,0934,'202401180933,-95.67999999999302,1,BUY,215.13,216.79,216.65,215.75,
TSLA,20240118,100674.1,100631.78,0949,0950,'202401180949,-42.320000000006985,1,SELL,214.0,215.23,215.17,215.69,
TSLA,20240118,100631.78,100607.6,1021,1022,'202401181021,-24.179999999993015,1,SELL,213.95,214.25,215.1,214.51,
TSLA,20240118,100607.6,100711.76,1026,1040,'202401181026,104.15999999998894,14,SELL,213.99,214.86,214.87,213.74,
TSLA,20240118,100711.76,100925.66,1044,1107,'202401181044,213.90000000000873,23,SELL,213.17,213.43,213.81,211.13,
TSLA,20240118,100925.66,100890.88,1111,1115,'202401181111,-34.779999999998836,4,SELL,210.58,211.04,211.34,211.41,
TSLA,20240118,100890.88,100850.46,1119,1125,'202401181119,-40.419999999998254,6,SELL,210.96,211.73,211.87,212.16,
TSLA,20240118,100850.46,100823.2,1151,1152,'202401181151,-27.260000000009313,1,SELL,211.46,211.67,212.29,211.96,
TSLA,20240118,100823.2,101001.8,1156,1215,'202401181156,178.60000000000582,19,SELL,211.46,212.18,212.34,210.28,
TSLA,20240118,101001.8,100973.3,1219,1225,'202401181219,-28.5,6,SELL,209.84,210.06,210.44,210.36,
TSLA,20240118,100973.3,100979.88,1229,1238,'202401181229,6.580000000001746,9,SELL,209.95,210.64,210.71,210.57,
TSLA,20240118,100979.88,100977.98,1242,1245,'202401181242,-1.9000000000087311,3,SELL,209.98,210.38,210.52,210.4,
TSLA,20240118,100977.98,100953.28,1254,1259,'202401181254,-24.69999999999709,5,SELL,209.84,209.87,211.03,210.13,
TSLA,20240118,100953.28,100951.38,1303,1322,'202401181303,-1.8999999999941792,19,SELL,209.42,209.36,210.07,209.38,
TSLA,20240118,100951.38,100936.18,1326,1327,'202401181326,-15.200000000011642,1,SELL,208.93,209.2,209.45,209.36,
TSLA,20240118,100936.18,100909.58,1331,1332,'202401181331,-26.59999999999127,1,SELL,209.16,209.48,209.51,209.76,
TSLA,20240118,100909.58,100884.2,1434,1438,'202401181434,-25.380000000004657,4,BUY,211.21,211.39,211.64,211.12,
TSLA,20240118,100884.2,100871.98,1454,1459,'202401181454,-12.220000000001164,5,BUY,210.25,211.15,211.14,211.02,
TSLA,20240118,100871.98,100913.34,1503,1535,'202401181503,41.36000000000058,32,BUY,210.78,210.84,211.34,211.28,
TSLA,20240118,100913.34,100902.06,1551,1557,'202401181551,-11.279999999998836,6,BUY,211.03,211.92,211.67,211.8,
TSLA,20240119,100902.06,100889.84,0947,0948,'202401190947,-12.220000000001164,1,BUY,211.77,212.64,213.25,212.51,
TSLA,20240119,100889.84,100852.24,0952,0955,'202401190952,-37.59999999999127,3,BUY,211.56,211.64,213.18,211.24,
TSLA,20240119,100852.24,100791.14,0959,1000,'202401190959,-61.10000000000582,1,BUY,211.08,211.85,212.15,211.2,
TSLA,20240119,100791.14,100775.94,1141,1153,'202401191141,-15.19999999999709,12,SELL,208.48,208.36,209.28,208.52,
TSLA,20240119,100775.94,100754.09,1157,1206,'202401191157,-21.85000000000582,9,SELL,207.92,208.66,208.66,208.89,
TSLA,20240119,100754.09,100723.07,1419,1420,'202401191419,-31.019999999989523,1,BUY,211.44,211.84,211.93,211.51,
TSLA,20240119,100723.07,100709.91,1441,1442,'202401191441,-13.160000000003492,1,BUY,210.77,211.65,211.57,211.51,
TSLA,20240119,100709.91,100699.57,1446,1452,'202401191446,-10.339999999996508,6,BUY,211.02,211.88,212.01,211.77,
TSLA,20240119,100699.57,100708.97,1456,1511,'202401191456,9.39999999999418,15,BUY,211.7,211.98,212.17,212.08,
TSLA,20240122,100708.97,100695.95,0938,0941,'202401220938,-13.020000000004075,3,BUY,210.79,212.85,213.95,212.71,
TSLA,20240122,100695.95,101009.91,0945,0957,'202401220945,313.9600000000064,12,BUY,212.16,212.15,213.16,215.49,
TSLA,20240122,101009.91,100948.27,1001,1004,'202401221001,-61.63999999999942,3,BUY,214.66,217.36,217.34,216.69,
TSLA,20240122,100948.27,100916.99,1008,1009,'202401221008,-31.279999999998836,1,BUY,216.52,216.71,217.5,216.37,
TSLA,20240122,100916.99,100899.51,1013,1014,'202401221013,-17.480000000010477,1,BUY,215.63,215.5,217.26,215.31,
TSLA,20240122,100899.51,101115.71,1034,1050,'202401221034,216.20000000001164,16,SELL,211.59,212.09,214.28,209.79,
TSLA,20240122,101115.71,101091.01,1054,1056,'202401221054,-24.70000000001164,2,SELL,209.16,209.97,210.13,210.23,
TSLA,20240122,101091.01,101088.16,1100,1112,'202401221100,-2.849999999991269,12,SELL,209.78,210.03,210.23,210.06,
TSLA,20240122,101088.16,101084.36,1127,1135,'202401221127,-3.8000000000029104,8,SELL,209.41,209.24,210.91,209.28,
TSLA,20240122,101084.36,101068.21,1139,1140,'202401221139,-16.14999999999418,1,SELL,208.7,209.66,209.62,209.83,
TSLA,20240122,101068.21,101048.26,1212,1214,'202401221212,-19.95000000001164,2,SELL,209.39,209.51,210.04,209.72,
TSLA,20240122,101048.26,101044.46,1218,1219,'202401221218,-3.7999999999883585,1,SELL,209.11,209.14,209.78,209.18,
TSLA,20240122,101044.46,101025.46,1223,1225,'202401221223,-19.0,2,SELL,209.0,209.77,209.76,209.97,
TSLA,20240122,101025.46,101165.11,1246,1338,'202401221246,139.64999999999418,52,SELL,209.47,209.63,210.01,208.16,
TSLA,20240122,101165.11,101116.15,1342,1348,'202401221342,-48.9600000000064,6,SELL,207.77,208.11,208.28,208.62,
TSLA,20240122,101116.15,101137.27,1414,1428,'202401221414,21.120000000009895,14,SELL,207.57,207.2,209.42,206.98,
TSLA,20240122,101137.27,101110.39,1432,1436,'202401221432,-26.880000000004657,4,SELL,206.66,206.88,207.04,207.16,
TSLA,20240122,101110.39,101102.71,1440,1442,'202401221440,-7.679999999993015,2,SELL,206.72,207.38,207.46,207.46,
TSLA,20240123,101102.71,101041.33,0933,0934,'202401230933,-61.38000000000466,1,BUY,207.44,213.02,213.51,212.36,
TSLA,20240123,101041.33,101023.66,0938,0945,'202401230938,-17.669999999998254,7,BUY,210.46,214.71,215.47,214.52,
TSLA,20240123,101023.66,100975.72,1046,1047,'202401231046,-47.94000000000233,1,SELL,210.39,210.61,211.3,211.12,
TSLA,20240123,100975.72,100959.74,1051,1057,'202401231051,-15.979999999995925,6,SELL,210.48,210.78,211.25,210.95,
TSLA,20240123,100959.74,101025.29,1115,1138,'202401231115,65.54999999998836,23,SELL,210.33,210.29,211.71,209.6,
TSLA,20240123,101025.29,101010.09,1142,1143,'202401231142,-15.19999999999709,1,SELL,209.05,209.71,209.72,209.87,
TSLA,20240123,101010.09,101009.14,1219,1238,'202401231219,-0.9499999999970896,19,SELL,208.96,209.12,209.79,209.13,
TSLA,20240123,101009.14,100976.84,1242,1245,'202401231242,-32.30000000000291,3,SELL,208.54,208.63,209.06,208.97,
TSLA,20240123,100976.84,100957.84,1249,1250,'202401231249,-19.0,1,SELL,208.61,208.88,208.98,209.08,
TSLA,20240123,100957.84,101003.44,1316,1343,'202401231316,45.60000000000582,27,SELL,208.82,208.95,209.18,208.47,
TSLA,20240123,101003.44,100987.29,1347,1348,'202401231347,-16.15000000000873,1,SELL,207.9,208.38,208.53,208.55,
TSLA,20240123,100987.29,100973.99,1433,1435,'202401231433,-13.299999999988358,2,SELL,208.43,208.53,208.81,208.67,
TSLA,20240123,100973.99,100938.84,1439,1501,'202401231439,-35.15000000000873,22,SELL,208.41,208.77,208.88,209.14,
TSLA,20240123,100938.84,100929.34,1543,1544,'202401231543,-9.5,1,SELL,208.48,208.59,209.04,208.69,
TSLA,20240123,100929.34,100915.09,1548,1550,'202401231548,-14.25,2,SELL,208.44,208.44,208.7,208.59,
TSLA,20240124,100915.09,100863.39,0941,0942,'202401240941,-51.69999999999709,1,BUY,209.99,211.69,212.03,211.14,
TSLA,20240124,100863.39,100804.17,0946,0947,'202401240946,-59.220000000001164,1,BUY,210.46,210.86,212.0,210.23,
TSLA,20240124,100804.17,100764.69,1056,1059,'202401241056,-39.479999999995925,3,BUY,211.34,212.33,212.32,211.91,
TSLA,20240124,100764.69,100709.23,1103,1105,'202401241103,-55.4600000000064,2,BUY,211.74,211.83,212.36,211.24,
TSLA,20240124,100709.23,100693.25,1150,1212,'202401241150,-15.979999999995925,22,BUY,210.01,211.05,210.99,210.88,
TSLA,20240124,100693.25,100679.15,1226,1236,'202401241226,-14.10000000000582,10,BUY,210.53,211.43,211.44,211.28,
TSLA,20240124,100679.15,100670.69,1240,1241,'202401241240,-8.459999999991851,1,BUY,211.3,211.56,211.69,211.47,
TSLA,20240124,100670.69,100631.21,1245,1251,'202401241245,-39.479999999995925,6,BUY,211.32,211.7,211.71,211.28,
TSLA,20240124,100631.21,100618.86,1418,1420,'202401241418,-12.35000000000582,2,SELL,208.59,208.75,209.34,208.88,
TSLA,20240124,100618.86,100597.74,1424,1425,'202401241424,-21.119999999995343,1,SELL,208.28,208.23,209.02,208.45,
TSLA,20240124,100597.74,100565.44,1429,1430,'202401241429,-32.30000000000291,1,SELL,208.22,208.45,208.8,208.79,
TSLA,20240124,100565.44,100545.49,1434,1438,'202401241434,-19.94999999999709,4,SELL,208.42,208.58,208.8,208.79,
TSLA,20240124,100545.49,100534.09,1457,1503,'202401241457,-11.400000000008731,6,SELL,208.76,208.78,209.4,208.9,
TSLA,20240124,100534.09,100607.05,1514,1532,'202401241514,72.9600000000064,18,SELL,208.41,208.23,209.36,207.47,
